id,name,popularity,duration_ms,explicit,artists,release_date,danceability,energy,key,loudness,mode,speechiness,acousticness,instrumentalness,liveness,valence,tempo
track_0,Song 0,15,122282,1,Artist 0,1998-06-06,0.8580232710072292,0.9489806670470013,3,-3.927585262688396,0,0.6308510386451117,0.9654106993686116,0.5821807361446398,0.19038327106097186,0.12283997885710418,117.56253521848888
track_1,Song 1,96,285696,1,Artist 1,2011-01-28,0.9976282974021565,0.1425565550331156,8,-16.436320436251535,1,0.34958519578439207,0.6838430306453614,0.24881631533822213,0.9409461932706544,0.08464260721225136,154.1797537081478
track_2,Song 2,3,299510,0,Artist 2,1988-09-07,0.24149648525686784,0.38213947483256927,11,-4.9336408503336315,1,0.29267144575942416,0.7920445910489612,0.6612333832618658,0.5211489055050904,0.046496039691304336,169.80000804366563
track_3,Song 3,3,340972,0,Artist 3,1974-01-05,0.04035082685969971,0.5547318032823543,11,-5.499167385419426,1,0.39258775036111127,0.2927415485831599,0.709905045779608,0.9972272046291317,0.11095626103433676,153.36132905687828
track_4,Song 4,39,187534,1,Artist 4,2002-05-11,0.411191517994586,0.07675806188873802,1,-23.725553384505474,0,0.34202266424798167,0.07918640910862584,0.010691990113501415,0.5248167503647412,0.343707092135618,185.9831328799613
track_5,Song 5,16,282777,0,Artist 5,1967-04-13,0.13008066982894695,0.004187443627957865,10,-28.334276079813147,1,0.8322391067084416,0.48782283738188104,0.4392105109318746,0.5439364122902682,0.5938718057830571,99.92226413140943
track_6,Song 6,100,289316,0,Artist 6,2020-12-26,0.022425889162055124,0.6704343337969175,5,-26.553541970184007,0,0.27479781076790055,0.3145815465462273,0.8432620428217643,0.3918430129328524,0.18814692720940895,186.0863424942729
track_7,Song 7,51,194964,1,Artist 7,1980-03-25,0.3604268271414861,0.6418195168014353,6,-1.3001515393651317,0,0.7331530231065854,0.20208316500792367,0.4895875962430474,0.3100404187314143,0.888008846002638,78.32089363207302
track_8,Song 8,92,288509,0,Artist 8,1998-06-19,0.7837382510752364,0.41078880999961176,3,-13.609938495182469,0,0.09405982022858872,0.9526421308008614,0.31137544216332114,0.2515455531329448,0.8083824312394494,152.33424466419729
track_9,Song 9,51,328944,1,Artist 9,2017-02-23,0.5661806912250709,0.48964407603203264,5,-53.62404571245625,0,0.9513963724844156,0.4439882143420303,0.8717977710246627,0.3434206161306739,0.5205271128091636,136.66829119322486
track_10,Song 10,35,325950,0,Artist 10,1978-03-10,0.31277798921035405,0.4154430005920896,6,-13.294295593116004,1,0.6223166372485518,0.17470859204878564,0.1558806975298057,0.45985108090043214,0.7242098308133599,129.2490316581825
track_11,Song 11,37,239006,1,Artist 11,1982-05-10,0.6543420054927197,0.024005044844888856,3,-49.76771706610645,1,0.7067185770445601,0.19865065268113913,0.20644523241620039,0.19199195023079008,0.36632852469875843,103.52768404070497
track_12,Song 12,49,356440,0,Artist 12,1970-09-11,0.23201818030881072,0.3353716062174624,7,-33.15896705966246,1,0.298039332094451,0.280709742464594,0.6873723669361333,0.22487509180569587,0.0367777927330899,130.5225843431528
track_13,Song 13,62,324054,1,Artist 13,1970-02-21,0.014381446072085025,0.17708225539728983,8,-47.37241966940795,0,0.4120965687081146,0.9993162681897128,0.352435941526575,0.27154476866843913,0.9043328475325398,82.64826989385845
track_14,Song 14,100,170583,1,Artist 14,1983-10-07,0.7643533864364274,0.09842418910136874,0,-18.62501606800621,1,0.22377838627097624,0.2680115005195973,0.7130168357337789,0.44925989193083915,0.127793488257822,111.70493218963458
track_15,Song 15,62,158392,1,Artist 15,2012-08-18,0.6237430848640091,0.9567204338893498,6,-7.3614158284178615,0,0.9325360858022239,0.32880180457845365,0.1577036212594919,0.6528133668142431,0.9479373463796514,73.81532844774284
track_16,Song 16,61,127461,1,Artist 16,1995-02-04,0.76230262450096,0.5993597250421656,8,-42.57828687799915,0,0.4881044471013777,0.6593281279840014,0.25226908960084593,0.8561461502862873,0.57188258826611,140.05852397008474
track_17,Song 17,98,220123,0,Artist 17,1999-11-02,0.03893801668766561,0.7286562842366027,11,-55.07935552750874,0,0.63044811565799,0.2939613764102983,0.15664737836363352,0.2871318371871433,0.30556306102142994,73.40750406794777
track_18,Song 18,6,130516,0,Artist 18,1983-05-14,0.8371196278306522,0.3153637432661175,9,-42.0904141155022,1,0.7342720305307154,0.21580425105969336,0.9529103135635096,0.18372834034143737,0.49552462331184466,82.4482501467232
track_19,Song 19,26,330357,1,Artist 19,1962-07-13,0.6195262000363033,0.3931471294940152,4,-19.65828852406834,1,0.37110609109953896,0.1586371866495987,0.4054039608509241,0.378847464850555,0.5016298089230942,71.96535220824738
track_20,Song 20,91,268586,0,Artist 20,1981-08-12,0.5633953507126401,0.23692399389672347,11,-40.274392346733,0,0.7201016545391412,0.3126826650277922,0.337219909910226,0.8943830763718558,0.023287079442581904,113.3834895932909
track_21,Song 21,85,241251,0,Artist 21,2012-01-07,0.6246140481145316,0.09696567096542474,1,-43.3132699467718,1,0.6759924897563402,0.10591568962877351,0.014202156170764701,0.009860728337139468,0.35545985188413864,177.8741836185688
track_22,Song 22,13,352034,0,Artist 22,1961-06-02,0.8644332468683641,0.1790316374415838,9,-48.933888564944105,1,0.7056593338739465,0.018646586414782895,0.1534175794108874,0.6778686160577454,0.7398657995429174,186.96549482873587
track_23,Song 23,70,287340,0,Artist 23,1983-01-13,0.5869365065589071,0.7975140452964858,5,-30.149014387533988,0,0.4892299002046129,0.8046416973346773,0.4211358562424995,0.4771600464115815,0.510069188950708,70.06452364400188
track_24,Song 24,100,341558,0,Artist 24,2003-02-14,0.5809503798881793,0.6775458051837758,11,-43.44307031056874,0,0.3829373822916171,0.13789494241457656,0.06850279257189407,0.16104621496068006,0.2442301170095842,148.83701972062778
track_25,Song 25,85,351496,1,Artist 25,1989-01-27,0.9906791570657658,0.5469288759854769,11,-16.13937905163101,1,0.22208218820898984,0.7759768498152423,0.5107393295062169,0.3210215262744667,0.335109860036944,155.81395944289028
track_26,Song 26,4,287860,1,Artist 26,1997-11-17,0.756730167068568,0.47508987286676807,6,-55.40265588046783,0,0.8246263528008929,0.7975424789866598,0.4550154384644478,0.22495004387703388,0.8630543931159491,134.72779194048337
track_27,Song 27,54,326821,1,Artist 27,1961-05-09,0.4422938054511353,0.9224342836561245,1,-20.158018013320948,0,0.6083500465316787,0.5379195263292431,0.767168140344352,0.8778321678901223,0.5255496701502296,153.37788060573644
track_28,Song 28,1,312121,1,Artist 28,2023-10-17,0.7073970000329277,0.0727349477786684,1,-45.746399125933806,1,0.444352196097495,0.3096819583129514,0.6598027014003166,0.48187338394499024,0.528352122551236,92.71670016203333
track_29,Song 29,61,182493,0,Artist 29,2019-09-08,0.3892304716917885,0.28060081323791597,9,-30.643244336903813,1,0.9439959067106114,0.14503273374988845,0.4459473053205738,0.5630942778724928,0.96146745905101,128.55018965466223
track_30,Song 30,90,156027,0,Artist 30,1980-06-02,0.228875462483499,0.34993785357071405,11,-42.834604678124364,0,0.04783881250703881,0.7368051067209991,0.22466070010507144,0.5936876193370206,0.32088139903664337,114.72261886501599
track_31,Song 31,20,213547,1,Artist 31,1992-11-28,0.5968518768877594,0.7824258122127878,9,-16.633879439352263,1,0.8501719452050476,0.601386985981786,0.7268635660178063,0.6396171246023561,0.47954112510622837,72.55911320154834
track_32,Song 32,78,293921,0,Artist 32,1971-11-24,0.9281820981139515,0.9925146201619713,0,-3.2815775849017967,0,0.9975825929459724,0.6554534564935641,0.7078621034542042,0.49555569037592995,0.811713597720834,147.57790156114845
track_33,Song 33,20,220127,0,Artist 33,2017-01-13,0.9291395200154627,0.24067051475715306,3,-4.9753932318112035,0,0.8869421108828673,0.00866908984513104,0.15329616051538741,0.01787353083631582,0.7589122488870297,129.33012697401648
track_34,Song 34,9,268930,1,Artist 34,1981-01-03,0.3419052781054903,0.8743073341370806,6,-24.99442709135453,1,0.8104365856156253,0.9275170157078245,0.9147518314254027,0.3347226869146519,0.26579942192867256,98.52436376636165
track_35,Song 35,86,335234,0,Artist 35,2020-02-16,0.527677466221695,0.8306227604317913,8,-32.2433818045813,0,0.37430599340632464,0.06629018744655024,0.06440511601504317,0.1838732407209912,0.15109104760538583,126.315936456472
track_36,Song 36,57,199003,1,Artist 36,2003-09-06,0.2116358985698612,0.22465739764176662,2,-10.901969433637092,0,0.2313141822622935,0.36680588514000567,0.0550377088927162,0.6801428429116769,0.7007045761873683,168.54172257565043
track_37,Song 37,38,303467,1,Artist 37,1984-03-19,0.9956311094988834,0.3993325801992226,11,-19.000418242336202,0,0.7348505204996011,0.40271164965170025,0.187350417662427,0.056704651370046655,0.25765617680719477,172.23208679312893
track_38,Song 38,4,159758,0,Artist 38,2008-01-07,0.9811179078679357,0.4096728692925191,10,-48.98615314698403,1,0.3045753662885684,0.0013555244979488457,0.9094607980487712,0.5638033911116442,0.9226758285242411,150.93365802491167
track_39,Song 39,64,174312,0,Artist 39,1986-05-10,0.6495089297074473,0.9782206685265583,6,-10.744847183219989,1,0.17603968215497068,0.4970893093507971,0.5199981240369218,0.21063172227430094,0.1292476939892261,125.48469667602293
track_40,Song 40,12,188670,1,Artist 40,2018-07-09,0.8044140596774734,0.18089190137889832,6,-34.26693663631739,1,0.7865258871035913,0.7528089945110099,0.7879409206729001,0.9488458384670612,0.31831520013477654,140.60494948853872
track_41,Song 41,84,202279,1,Artist 41,2022-06-02,0.7151001612837,0.799157971104782,6,-48.660860401729494,0,0.3125436522367222,0.8232686531147722,0.2278431880765006,0.3355409421865355,0.05478724692491377,113.9021519897864
track_42,Song 42,89,135434,0,Artist 42,2001-12-28,0.5931582190394682,0.3341927141731099,1,-43.092158976210456,0,0.9144417294873384,0.8793969933058844,0.49022197465374084,0.32522119137463423,0.7033053068633781,77.71788801919335
track_43,Song 43,84,315119,1,Artist 43,2023-01-28,0.053347996988897695,0.7308703457761604,5,-43.94837818509946,1,0.8406326448191253,0.4877188683153695,0.35828946362388225,0.9233846679907237,0.8912626489153983,113.98688363405287
track_44,Song 44,52,298847,1,Artist 44,1987-05-15,0.45476434255266107,0.42001100429566285,1,-28.847581523792392,1,0.8476403295092552,0.6306361905296505,0.8278286070661927,0.41734792030414136,0.635874527331007,134.24658584974878
track_45,Song 45,81,195769,1,Artist 45,2019-05-05,0.6747863021674105,0.57835976311654,5,-45.93779455932747,1,0.7715697260558262,0.07951971329649876,0.022604439359226625,0.9628623341857422,0.9377530155114836,143.83676205108176
track_46,Song 46,100,186677,0,Artist 46,1975-06-22,0.6775316138836847,0.8326117733261311,9,-52.586010755905434,0,0.8808814237747367,0.4880382242817499,0.24384272996610534,0.024170352133503492,0.12850397850120965,191.0121366476469
track_47,Song 47,44,203555,1,Artist 47,1974-03-04,0.3731226184223836,0.8041655649838841,2,-52.578548963174356,1,0.8057468921781201,0.15481575487173527,0.15257422430237877,0.3063445752021463,0.08773392726269891,168.82668230428627
track_48,Song 48,31,248379,0,Artist 48,2021-05-20,0.9416919866580306,0.8664231835397002,1,-25.0034281716542,0,0.6025113635747287,0.36964311762252144,0.8591890387215694,0.6661929602664312,0.8384127311673708,81.27895860225482
track_49,Song 49,35,336992,1,Artist 49,2021-07-04,0.167357032236781,0.05961732534465902,11,-15.914442669037285,1,0.29582271858186315,0.3293053128645993,0.4675438496937657,0.8908569645276385,0.8555111753865077,84.38550893140993
track_50,Song 50,80,359511,0,Artist 50,2006-05-18,0.5003594462155606,0.6920505530397448,5,-40.70801946969955,0,0.888209193214149,0.4235405772415082,0.4042200438932162,0.2564055930082839,0.8310395271071281,74.06926629356556
track_51,Song 51,98,296806,1,Artist 51,2021-05-04,0.6908839765508228,0.13998737672176287,1,-57.92095741115897,0,0.8406036227731919,0.5716366179741326,0.44948276210107985,0.9304775919636682,0.7989649025337456,163.3454418109285
track_52,Song 52,59,221665,0,Artist 52,2010-05-27,0.6971358058918092,0.415818568018411,4,-52.36650678377936,1,0.47287932221054507,0.9028766470629959,0.9719245507023352,0.5941214664991882,0.3622283639386602,158.85711898885998
track_53,Song 53,10,339575,0,Artist 53,2003-10-17,0.6486389567688156,0.5485884150546885,1,-5.118326379776576,0,0.03907868600195519,0.39448463134750533,0.8502673943359241,0.801008243197916,0.21746208359138774,198.09080623756336
track_54,Song 54,62,291675,0,Artist 54,2014-10-12,0.27528821345186016,0.40273948474683074,2,-30.38738042463282,1,0.6385437274019135,0.9811311957115507,0.7063687718503076,0.3972073043068972,0.92880401999779,133.08327847300882
track_55,Song 55,20,327780,1,Artist 55,2011-03-22,0.15620656868662197,0.5196116758030075,2,-32.78563142308951,0,0.05059685367658173,0.7590280480512028,0.2904789592232546,0.21218038256687333,0.30700018284833397,175.69809003884347
track_56,Song 56,51,332998,1,Artist 56,2023-01-17,0.6359403268267109,0.9965263087986191,5,-57.717049301394546,0,0.9262799618484072,0.5114810467883832,0.16517299951844777,0.9112354154476932,0.3984076821640322,140.70158020999025
track_57,Song 57,54,188803,1,Artist 57,2016-05-10,0.5993021161394377,0.13521731371285473,5,-16.281778660986056,1,0.961631256625307,0.6440264371119441,0.9214336290244534,0.9331358684062186,0.6995589594516332,182.3721397538412
track_58,Song 58,25,290404,0,Artist 58,1962-09-22,0.17935601028924097,0.6754560453364256,9,-28.315915144075266,0,0.18949014589960422,0.10222417113194449,0.42307552279648286,0.4975751441541355,0.2933560799939876,160.94294550238521
track_59,Song 59,67,211703,1,Artist 59,1996-01-01,0.7051391455705633,0.3960009663856152,2,-47.87514383480875,1,0.67638937805491,0.8445215313136548,0.27875579946862916,0.006495015999256504,0.8191302215610012,150.0037620987754
track_60,Song 60,33,141312,0,Artist 60,2010-03-22,0.4551719917336564,0.13300979890732878,2,-53.39557438913657,1,0.09226900456276277,0.5823574550639659,0.47092082641763544,0.10978295367040447,0.07003462363178126,139.11717393762706
track_61,Song 61,51,344448,1,Artist 61,1966-04-26,0.6677605916031529,0.15873676337430953,11,-36.99672818208009,1,0.7295169285731221,0.9860674802096018,0.9178474228203521,0.5730279602317218,0.7911826673889345,161.21587342201647
track_62,Song 62,81,335598,0,Artist 62,1980-01-24,0.8373670797701507,0.9492731062456169,0,-9.770282148298463,0,0.3472876661526746,0.6364287437528491,0.3870673133912932,0.02377670230188622,0.6018513226178042,118.75153797394147
track_63,Song 63,98,295251,0,Artist 63,1968-01-27,0.16972842857692316,0.879601496711762,6,-8.082326447938527,0,0.6810501117304453,0.8341115832663251,0.5626409972480995,0.3969119239866953,0.5729936441135929,73.52072129879298
track_64,Song 64,92,322514,0,Artist 64,1998-08-18,0.01914486799683668,0.9070419604150218,7,-23.829217176261814,0,0.37287650920217785,0.7997627427952397,0.8029663011085668,0.3033699455720126,0.4583770391386607,65.59805803169772
track_65,Song 65,51,237961,1,Artist 65,1977-02-18,0.7791025863957868,0.9915327758273865,1,-16.347814366191443,1,0.14556750983323574,0.34546115146826883,0.4271325310483912,0.7143482754022047,0.2770455962834224,127.06332242528434
track_66,Song 66,28,160379,1,Artist 66,1963-12-14,0.6096974251526159,0.20831539000851795,3,-53.090652755827776,1,0.40610998050255787,0.25961062523321166,0.2335418019263683,0.05557867294793528,0.46407028543123663,143.90082151081978
track_67,Song 67,37,137297,1,Artist 67,1984-08-15,0.6996395696221217,0.35543933736406175,9,-24.712436071928707,0,0.11267352663479002,0.43049358343151,0.9945257483830334,0.48873126897728747,0.4500285120186873,71.03886427988756
track_68,Song 68,41,122011,0,Artist 68,2019-07-12,0.8381549749886426,0.6692190299248667,6,-19.982057790769097,0,0.5768832749769458,0.46724134440883713,0.9565708574521596,0.5791142698756053,0.58375418878307,100.1664968476943
track_69,Song 69,20,240234,0,Artist 69,1973-10-04,0.8028109348245005,0.48380253986064725,7,-47.95722942517247,1,0.040951532149479775,0.24008470193664389,0.843479169125514,0.6172910760526177,0.28157428585553024,105.08450883656819
track_70,Song 70,41,164014,1,Artist 70,2009-10-27,0.9609201469288247,0.4183895333783335,0,-7.190716025384468,0,0.5273196795998597,0.8945978733509719,0.6883738793859225,0.40515767201694086,0.07759558197614902,138.79137492915515
track_71,Song 71,12,262810,1,Artist 71,2017-02-03,0.5359350788521182,0.35781124933559305,3,-48.300195748738815,1,0.8863686470955409,0.542547862300646,0.29486562806969696,0.30436778342955095,0.14508944663913825,98.98754384599047
track_72,Song 72,63,214333,1,Artist 72,1968-06-20,0.48849563265990537,0.5937806319434522,5,-41.191358409212974,0,0.8378732701193627,0.9784443921535696,0.913412938164032,0.6824930337371488,0.6991774314615729,73.39080393784093
track_73,Song 73,16,298570,0,Artist 73,1985-06-12,0.4018871998907301,0.575593428640082,2,-22.766589178592483,1,0.8827816996264968,0.8100177780462633,0.27555667012122875,0.847569048102495,0.022492329635540487,83.07994373251702
track_74,Song 74,8,131120,0,Artist 74,2012-03-07,0.15369104284420454,0.16145783406424008,4,-21.69899609215615,0,0.9220488021271073,0.555704860391946,0.8008094946768325,0.6936176377828788,0.85644304464543,84.35269222458705
track_75,Song 75,40,259839,0,Artist 75,1961-11-11,0.5726072328820224,0.47173983751843906,9,-18.036915540757967,0,0.10452788787569423,0.9470402781443592,0.9182581679413063,0.9321023654572216,0.6943973274799133,177.97729219118662
track_76,Song 76,0,142852,0,Artist 76,1979-02-01,0.2770125243259788,0.5534717762098499,8,-53.27929721590766,1,0.12874720287571306,0.5048748150953071,0.6030038404299115,0.7172635253579271,0.7680865413077163,99.80475617696081
track_77,Song 77,1,199239,0,Artist 77,1987-12-06,0.9213075122129755,0.5702869387313905,10,-9.032134204286685,1,0.5570068063131286,0.8871065125186705,0.8030562178911789,0.7646187340136184,0.8359844490934748,160.05684274806598
track_78,Song 78,59,252001,1,Artist 78,2006-01-15,0.5831908042770976,0.2101071929123518,2,-28.02917206300441,1,0.8939726684244292,0.3581447811958055,0.7916950992017466,0.16790319660208886,0.12271044393018116,139.49742448750283
track_79,Song 79,47,328559,0,Artist 79,2019-06-15,0.5928401805081102,0.7422713922522868,4,-31.7206923536959,0,0.9743494565240307,0.37864238340409406,0.19315775112097988,0.4195396445267118,0.8224510909700663,196.7854255063019
track_80,Song 80,28,211575,0,Artist 80,1966-12-19,0.35492466087701,0.025199094821069634,7,-1.1341425291894254,1,0.04626191733999996,0.41813068297093114,0.6679244735960846,0.4850553309559652,0.5046424376590564,98.19517364322832
track_81,Song 81,96,215040,0,Artist 81,2003-05-11,0.05198935197770749,0.35483185554316266,5,-15.577302183538812,1,0.35577408420066015,0.5466256459432461,0.09346793690444355,0.25629316229460763,0.8855238387531971,82.17222287408802
track_82,Song 82,9,268510,0,Artist 82,2020-11-26,0.03174376537298862,0.7802126485356335,3,-52.919638402837506,0,0.21289425465999345,0.553490270198824,0.5078501431374813,0.5285398603562879,0.8865866010603435,67.28529727723846
track_83,Song 83,57,299587,0,Artist 83,1967-09-23,0.4233351441531975,0.5638929210554023,7,-14.607649966425555,1,0.7559658489312481,0.4963989216770842,0.1622355481405775,0.2907919442218475,0.02417804375417021,93.73435271937927
track_84,Song 84,59,125744,1,Artist 84,2006-01-26,0.08456537809723785,0.26116243251086024,10,-54.28506396162783,1,0.640193868537032,0.30600097358316747,0.4163494987964317,0.687502092804416,0.3828652154835389,155.76992409815495
track_85,Song 85,20,334892,0,Artist 85,1994-07-02,0.6068469555401391,0.6949531193430477,2,-58.35176624922091,1,0.11988803148384541,0.927206464790831,0.8329820746984377,0.47028847670317586,0.5263987958652734,71.93615144916049
track_86,Song 86,27,293489,0,Artist 86,1973-05-14,0.8809730056396574,0.5673909441560734,2,-35.78244628380617,0,0.4835220673649715,0.5885860973492543,0.9871678396302044,0.4588069542690356,0.678360089782902,94.2582583209522
track_87,Song 87,74,356356,0,Artist 87,1976-05-02,0.8829148165187222,0.7962436094563872,3,-0.3853096308468764,0,0.6854405223712914,0.4077392161915949,0.3179598316596177,0.9836425310328117,0.28618624668413395,179.7431715457617
track_88,Song 88,33,258141,1,Artist 88,1995-02-04,0.6590454101322324,0.7350251861898234,8,-49.506963828308244,0,0.7790053939240377,0.6511769607436182,0.5319556987831766,0.39244484854257045,0.2521422606646523,141.61341291103284
track_89,Song 89,7,162359,1,Artist 89,2009-11-17,0.211231831472931,0.6101079220362347,4,-19.641339388392595,1,0.020052709784008527,0.7679667578098052,0.5112980243704885,0.3622954325895683,0.3812657190890473,69.73301563544736
track_90,Song 90,58,270871,1,Artist 90,1999-03-03,0.8629968313588721,0.488177675310814,7,-49.59623602763284,0,0.8904695739838898,0.9607280882282431,0.954401509831066,0.3186043712826544,0.5009386917498945,66.67564019496686
track_91,Song 91,85,218746,0,Artist 91,1963-07-13,0.8860934353132082,0.1331821256675234,5,-16.512781502496836,1,0.5692813829505244,0.4995491622675826,0.4785837324327735,0.8947492209757981,0.9511462314054133,68.55720254560737
track_92,Song 92,71,344834,1,Artist 92,1961-06-09,0.1966535849529587,0.26133301788538377,2,-29.678779905730433,1,0.8119091149599047,0.1120985103507588,0.6991062053996978,0.4967238260981782,0.7621084666974375,191.86250702061537
track_93,Song 93,48,240906,0,Artist 93,2021-12-07,0.7374260857706773,0.41909947291708527,7,-19.20169739463742,1,0.8079380300142834,0.4407658014365413,0.9217892331085261,0.6000144774806355,0.4293211669377053,178.98199999854765
track_94,Song 94,78,321260,0,Artist 94,1965-02-15,0.28651954892712295,0.5992992870063887,11,-47.827609445145924,0,0.18985266027096914,0.4789705614534714,0.37337855953684007,0.180818479002395,0.054366178440183766,178.29160588262846
track_95,Song 95,16,340931,1,Artist 95,2013-06-23,0.8026403123529297,0.5137078552153048,8,-15.26230004876988,0,0.1101721202536331,0.8969940781856739,0.9021222382453876,0.5409423600049269,0.16852059214375936,189.3903467140964
track_96,Song 96,59,358746,0,Artist 96,2001-02-11,0.9972378999036027,0.2881845259595295,7,-0.2628564226375971,1,0.7212872689738267,0.3948007684629531,0.9174562218910135,0.2746481928684883,0.45592442431941704,130.73575463512742
track_97,Song 97,86,127597,0,Artist 97,1963-02-20,0.030026005329392813,0.006464357789710551,3,-20.060969962442414,1,0.15642691882161908,0.9533242648871384,0.9306625039671307,0.7306369212628775,0.8138259000987043,94.62825396006816
track_98,Song 98,87,167093,0,Artist 98,2013-02-02,0.8973658657909319,0.49623922190081393,10,-30.39120011562734,0,0.8499374914047237,0.4851319077143348,0.2704461854714264,0.8325283487923821,0.38069553567734393,116.18872059339253
track_99,Song 99,44,288298,1,Artist 99,1988-11-15,0.622630533598658,0.2856259885622431,5,-4.609560682844112,0,0.7261894838621051,0.9737805009789289,0.4003555942699585,0.7148106921312776,0.5384966507450597,160.6409702037335
track_100,Song 100,82,323199,0,Artist 0,2022-03-14,0.9733826191648212,0.7346083007105351,0,-59.048889466087424,0,0.8418253643652626,0.008198321130962194,0.8703959082257019,0.7302441662702573,0.8918048860851021,182.64460201297712
track_101,Song 101,68,234650,0,Artist 1,1977-02-20,0.4650095175264276,0.02394626527048349,3,-16.204588842850733,1,0.2990126796093461,0.8988153748063467,0.35916182428041876,0.512474704119517,0.9137962594266289,120.9127297379334
track_102,Song 102,31,342441,1,Artist 2,1985-04-22,0.8473879305713737,0.5848278113057909,7,-6.675208991171225,0,0.31659806041056904,0.9311204519433507,0.6002530329335051,0.7121180563341353,0.21577499644268938,134.95333375348855
track_103,Song 103,43,328434,0,Artist 3,2003-09-11,0.06239406859827723,0.9414742375060654,0,-56.299524982742554,0,0.6712215563463176,0.9610209357652133,0.11805450726005196,0.4226869355081603,0.04359492179259439,190.44961905867547
track_104,Song 104,64,277489,0,Artist 4,1993-06-27,0.3352790500782957,0.1744092671114995,2,-32.996149775054505,0,0.03144595505894754,0.013076534174614851,0.056274988111240765,0.651489153529613,0.30541053097151494,75.04980919532008
track_105,Song 105,86,269765,1,Artist 5,1969-01-03,0.06701653775120997,0.47164949075059537,0,-47.71683276300006,1,0.7264967463374227,0.171700836550309,0.4119939894921726,0.2590392101205147,0.6958023148257801,180.72189037637736
track_106,Song 106,100,330746,0,Artist 6,2021-08-17,0.9753431334790705,0.09142199181713817,8,-26.008910064730195,0,0.8357830708546012,0.6537645030932362,0.5789165325927175,0.06975701231201015,0.9511122009762665,82.30304751527103
track_107,Song 107,7,240956,0,Artist 7,1995-12-12,0.8169739072718367,0.6256819122613526,1,-21.02742248378037,1,0.415163586604104,0.025472691735107134,0.39269911335894137,0.4134732641219685,0.07703199998411392,127.74058904068684
track_108,Song 108,76,235598,0,Artist 8,1973-07-24,0.8525474212459705,0.5505316805962256,8,-41.8426090242747,1,0.7648788300884687,0.06360899617650073,0.577735770160842,0.46177815578049,0.028483810549271515,90.57923801282834
track_109,Song 109,71,304233,0,Artist 9,1990-10-28,0.9379652314338942,0.40736552421283234,3,-32.40109981931395,1,0.17461091698226194,0.22107887369344192,0.515084376171785,0.25640715818869,0.8841472129857219,144.4126682966846
track_110,Song 110,86,253241,0,Artist 10,2007-03-21,0.08510348611978535,0.5213770214737412,1,-43.239630883406434,0,0.3222603938194847,0.5124397687438842,0.6857072292860759,0.7277095184072376,0.7481452691031412,138.20027903915724
track_111,Song 111,42,335164,1,Artist 11,1974-01-15,0.38559759251333336,0.8965746584690102,3,-37.83653013269317,0,0.9743049631104774,0.5459025592668075,0.6495324310653898,0.0735504789762792,0.9922485791555753,113.20103099370526
track_112,Song 112,0,273124,1,Artist 12,1967-05-16,0.07103488904400213,0.19629430231106704,11,-50.427602598694584,0,0.9863281735601263,0.03426112279350435,0.42424570320658006,0.22274832437918857,0.39679288146565317,180.86249207831742
track_113,Song 113,50,322921,1,Artist 13,1973-04-05,0.21079310155002862,0.022564511705347234,10,-6.866433384862113,1,0.512605053021588,0.17036725078153114,0.42499524041986325,0.7485647184536268,0.41605090513676934,152.3738648403284
track_114,Song 114,23,324923,1,Artist 14,1982-10-27,0.22936577703767236,0.861664884699101,10,-59.399375366451814,0,0.9342697914638769,0.4997056733346553,0.140778340012232,0.4371242737400124,0.1723118372974496,160.96871749467212
track_115,Song 115,98,128036,0,Artist 15,2019-08-20,0.4691072110475787,0.5771170823879065,9,-7.055448813372692,1,0.5227306780568546,0.5939406209434053,0.5132385720964592,0.7052836240393124,0.11584715259733847,81.0923633490736
track_116,Song 116,23,151778,0,Artist 16,2016-01-06,0.2685621674536426,0.8906584554618424,5,-25.699267299015688,0,0.2915881281611573,0.14840169648621537,0.5871791281356967,0.5674858777835963,0.578718010590238,183.64319491658648
track_117,Song 117,16,278806,0,Artist 17,2021-10-19,0.10097810681776109,0.5969452234131726,10,-40.10052934937895,0,0.26689928809877184,0.39884141194697065,0.4764893973538262,0.9507127499973624,0.36428500129483254,83.38562290680258
track_118,Song 118,4,274245,0,Artist 18,1999-01-25,0.1674910890941077,0.8101610899597025,6,-16.616572472380213,0,0.9295057053681488,0.9044014365169524,0.325707335086999,0.597795832722833,0.08031644794524506,91.18989498939442
track_119,Song 119,19,281475,0,Artist 19,1980-12-05,0.14727556355209093,0.42967336335514794,2,-29.534870888240143,0,0.1724463889738591,0.998899287046172,0.7216485442517359,0.014868974345519703,0.8869870695233198,77.92771938956326
track_120,Song 120,20,317393,1,Artist 20,1975-04-03,0.9730767979122983,0.7498599312882688,2,-30.053480513543608,1,0.5796324582018182,0.9872144548311412,0.07466164464522407,0.352877350504334,0.19835646824933306,121.65028911563418
track_121,Song 121,57,322747,1,Artist 21,2004-08-27,0.7592925069184736,0.913041466889856,11,-53.39146302486201,1,0.5555250680627196,0.8816745102868724,0.9144403697540473,0.1430606822047077,0.7485843470035328,184.27929244532336
track_122,Song 122,30,257416,0,Artist 22,1977-05-01,0.967761465269562,0.5721229637222063,9,-36.629038443275476,1,0.7396216846529949,0.3946600879499458,0.020643439545793285,0.9246336775977032,0.28222859611811113,95.34265274538035
track_123,Song 123,99,138800,0,Artist 23,2006-02-26,0.43974048650790853,0.18078515056237954,11,-45.5361392485958,1,0.49924290752477474,0.6865742920747842,0.9623501334382779,0.10401245428508032,0.8129048307527991,112.32547885921346
track_124,Song 124,10,145372,0,Artist 24,2012-06-28,0.2783684816626566,0.26879761503019817,7,-59.05824566422322,0,0.2722856607081342,0.4165922277841987,0.46235560093466244,0.3877066631310875,0.11839684142765405,178.44929881055907
track_125,Song 125,51,181516,1,Artist 25,1983-05-06,0.7982931972091867,0.19864457689740578,4,-38.39402215307321,1,0.16939649963157855,0.6485270268242028,0.4126699440035412,0.22609919362669217,0.7560716102217615,146.49413916624448
track_126,Song 126,14,140538,0,Artist 26,1985-02-15,0.3262539180411468,0.24685702759573291,3,-54.61067223446371,1,0.6208188035058918,0.30943247096948323,0.2564440174631881,0.8467219903967333,0.09811887390051244,165.22629511047876
track_127,Song 127,82,183918,0,Artist 27,1984-11-02,0.2993833737053483,0.3064154493510364,6,-44.59019773648889,1,0.7189907568532331,0.606202253610332,0.010071134832283168,0.30856649758891697,0.4469157878569433,89.96000692105608
track_128,Song 128,6,266045,0,Artist 28,2019-11-03,0.2325059922078312,0.5551337867531885,6,-54.44900272901433,0,0.5695212786820326,0.5237584965528499,0.27479026442179977,0.991893483142645,0.7340043505996046,160.30858086656056
track_129,Song 129,27,191155,1,Artist 29,2019-11-17,0.12967897822423535,0.5879916294638328,8,-53.94350246661607,1,0.7383512771211947,0.024480265813199953,0.10939992546033395,0.03861660561225089,0.17321838118690058,91.86548100984814
track_130,Song 130,50,351312,0,Artist 30,2019-03-25,0.25646306101676597,0.4264997472418611,8,-48.0593223350887,1,0.14152120244996014,0.7907029037461137,0.6598208426933947,0.12827677246256586,0.285664988846723,198.22395750949255
track_131,Song 131,57,179500,1,Artist 31,2004-09-24,0.3553197484738877,0.6154207798208354,4,-0.009045330815986574,0,0.8824701949431355,0.011897832245155615,0.31907497232072624,0.22463877642910912,0.8647669920921977,138.38406185774323
track_132,Song 132,4,287647,1,Artist 32,2000-07-12,0.6739942081457304,0.08157492561136592,11,-59.868951428565076,0,0.5823955084085031,0.29315594225330177,0.7671793284036615,0.8111060402001594,0.885119320907646,157.38949612603918
track_133,Song 133,4,356527,1,Artist 33,1988-07-18,0.06256484221945158,0.08778823705815997,7,-21.679641832775687,1,0.12684392689259716,0.00592406545400237,0.20691618734611694,0.8785172090640158,0.04493545245272623,76.5762217798104
track_134,Song 134,93,293333,1,Artist 34,1974-11-15,0.21050693966534295,0.17182946035765845,9,-51.52537811840656,1,0.461925204205735,0.3762014132951982,0.9002348574321095,0.07145138060942235,0.16809058535297527,95.09183720581973
track_135,Song 135,95,230659,1,Artist 35,2004-06-12,0.8090236402916764,0.5180774980403448,0,-4.762311797353448,0,0.8447917378659114,0.0631605281641393,0.5229815151058326,0.03246014176227641,0.11747194027285901,79.5636923390096
track_136,Song 136,7,147716,1,Artist 36,1960-08-16,0.14692192358377076,0.21399467869831357,8,-54.382026399982244,1,0.8975621934531601,0.9135109668312412,0.11450619646898141,0.7445568571045793,0.179693094651303,114.62390013804124
track_137,Song 137,63,254308,0,Artist 37,1984-04-27,0.34264514652252154,0.28328440349257733,7,-2.6962087724258126,0,0.2646495049987615,0.4156792951628686,0.40084523565347896,0.13335200675361347,0.9701877243062725,99.77902098875579
track_138,Song 138,9,266920,0,Artist 38,1966-08-08,0.8646589218581401,0.40031283617299407,5,-23.34441675099132,1,0.7112658247104531,0.45949577486441007,0.20676052406976164,0.13299858707463919,0.5516552487904565,162.6091163482797
track_139,Song 139,37,122352,0,Artist 39,1968-04-28,0.15492531114344266,0.8118661240103798,2,-59.923915385070586,1,0.09998524748377668,0.34985023609085486,0.1996854261681792,0.02236653449442927,0.4681123904549268,75.21925714794116
track_140,Song 140,95,253004,1,Artist 40,1983-08-14,0.0827368356181899,0.013862135912860118,2,-6.35956812499164,1,0.03354587141215781,0.6275061542017663,0.5063697376522089,0.04980787758342187,0.9844673730926161,165.28831158305155
track_141,Song 141,91,196449,0,Artist 41,1960-09-25,0.48453799508001083,0.6493788202366224,7,-28.697291917984902,1,0.5603989538199428,0.7844081166182038,0.6718920156363726,0.26367545859548913,0.5569561298607354,66.39867544940225
track_142,Song 142,80,128556,1,Artist 42,2003-03-17,0.3024195112785364,0.6688765310406853,4,-44.23981588017092,1,0.6948275793281259,0.6481467430489779,0.9116182055034282,0.0650054894108063,0.6611179273455245,88.28249722513493
track_143,Song 143,94,206836,1,Artist 43,1967-03-21,0.5634083644838541,0.7986557803566365,9,-13.963249349062195,0,0.795786731176502,0.7482071183951275,0.5021620107636534,0.36887909165927557,0.3327705460491802,170.8750988750444
track_144,Song 144,7,256570,1,Artist 44,1983-11-08,0.8038048904834751,0.9327529390603132,10,-4.400066766787802,0,0.34021623845533466,0.9059736635092605,0.9658387750583302,0.8327750312273491,0.3821148645095186,163.98872975510528
track_145,Song 145,24,327190,0,Artist 45,2022-02-15,0.13714848815274316,0.020137848949289827,6,-30.978550611192365,1,0.006525410428886991,0.8635465316714287,0.9416348520733687,0.32632025732159264,0.594409383809073,126.68565594864087
track_146,Song 146,72,170098,1,Artist 46,1970-10-27,0.580699084554285,0.15378370551321618,4,-41.06679153341335,1,0.4795192371113538,0.6740584527536958,0.8650625299843604,0.7278341625793716,0.06978578400046476,66.99758011085726
track_147,Song 147,65,315458,1,Artist 47,2010-03-14,0.5055087603898639,0.886171294055993,7,-12.663292563904392,1,0.01585354537356698,0.2146379629044286,0.49997726496241857,0.09390996483103009,0.25588288604477516,145.38512383370193
track_148,Song 148,78,232169,0,Artist 48,1976-03-18,0.14407878601319957,0.45851856218701537,9,-19.092870132692724,0,0.09198451067079993,0.6377028510419288,0.14090394368798353,0.6593751874194929,0.1968117494603071,116.94137455637377
track_149,Song 149,49,260641,0,Artist 49,1967-05-20,0.6239984855289824,0.5645906389334635,9,-6.674850974983656,0,0.32668902253174836,0.5060830957405109,0.21790446981538492,0.316747183257435,0.015893393140003598,104.31394102771577
track_150,Song 150,66,246060,1,Artist 50,1994-05-07,0.27364041786077165,0.6630272037231474,3,-18.44915923432842,0,0.4371720495601772,0.7172192310104201,0.6476700027119756,0.7497528786970381,0.5369012705204219,149.65748915571479
track_151,Song 151,48,307954,1,Artist 51,1994-02-03,0.4878343185440125,0.6790666044956374,1,-45.38829966602782,0,0.27946944122964856,0.8329316483929149,0.4217549802841961,0.13625201405638188,0.5610528395238791,121.12603870824168
track_152,Song 152,35,321465,0,Artist 52,1992-12-12,0.08227232427706188,0.9317404033165082,2,-4.100445014458856,0,0.5818652665047078,0.7427214971864174,0.1468016317539964,0.8978833777644819,0.3839392230372589,72.93895406344501
track_153,Song 153,67,250544,0,Artist 53,2018-10-21,0.45958405721362305,0.9969494174116696,7,-53.70985516764052,0,0.05534978921809519,0.8465611699612853,0.4789939336393104,0.2425772028979366,0.26872746946479087,188.2330658717282
track_154,Song 154,77,120340,0,Artist 54,1964-06-24,0.3064634680428203,0.7201574609309402,10,-43.923434993589126,0,0.1445797102395847,0.06386637334102385,0.017430545502045924,0.35313779328117645,0.6520598759946248,168.98903392347307
track_155,Song 155,40,295021,1,Artist 55,2001-05-28,0.8223812111853543,0.2872212092051508,6,-28.788323536566864,0,0.6952584007554335,0.031620038237463954,0.7338953708995932,0.9501807108180417,0.13465916138445688,67.89294678067733
track_156,Song 156,88,202302,0,Artist 56,1998-06-26,0.05697872699736828,0.8797524022943436,1,-26.05547843574592,1,0.14214085359791773,0.25850056769959395,0.07358129448969086,0.5784823597308589,0.5186150316353341,133.50894182669737
track_157,Song 157,61,313515,0,Artist 57,2017-01-03,0.41860727491832994,0.04922091454076161,5,-59.08136480238567,0,0.6397752015704224,0.9006660841086284,0.629113619912119,0.36577151896302196,0.7680739858106199,71.67285880580796
track_158,Song 158,9,342740,0,Artist 58,2000-05-20,0.458431424131438,0.2310808528744962,8,-13.165636450743605,0,0.054684620753365554,0.8236592509839739,0.7930103076255994,0.9496021470336317,0.1642979839524723,177.2205802681879
track_159,Song 159,20,325099,1,Artist 59,1987-09-14,0.7250060762991187,0.8973857174637149,3,-38.30356089447663,0,0.4073822791191404,0.6827272977953116,0.13264387445396553,0.329077416890032,0.7532595385958187,145.82195454727605
track_160,Song 160,35,120138,0,Artist 60,1966-12-15,0.574287575090211,0.25619151443935495,8,-35.61488753987173,0,0.17740947012118236,0.7007586674397159,0.5186386906660125,0.09487071267517977,0.760794509153398,84.14287870022959
track_161,Song 161,11,251430,0,Artist 61,1968-10-25,0.667212337194181,0.22065105962174847,1,-11.437827333783254,1,0.10963628253518642,0.7266704692582125,0.7790675143594696,0.9968488878594198,0.059926648230454904,62.90378799286811
track_162,Song 162,90,239619,0,Artist 62,1967-02-14,0.7770492856517561,0.13812529314024724,1,-37.24299649634733,0,0.5670327835012275,0.9426027004847469,0.2606334547570014,0.26784492055891385,0.018784326087181835,64.42134170049889
track_163,Song 163,1,326322,0,Artist 63,1971-01-07,0.8622029736581888,0.8591117576469165,8,-57.16650741031471,1,0.9283357720056218,0.8321911523075576,0.1629165930016191,0.8512578486996074,0.9739354059881948,131.03116608907618
track_164,Song 164,12,205376,0,Artist 64,1993-10-17,0.3138754967224705,0.5000582591910867,11,-49.413613771778984,1,0.054787047923548826,0.6233903870270475,0.33681911096745687,0.16554079482308726,0.19338265949882494,162.81228701474834
track_165,Song 165,52,219931,1,Artist 65,1992-11-12,0.538022705363903,0.6748932030541548,6,-2.645809656709062,1,0.4215542482180342,0.6657154352571405,0.5546991765833158,0.731353971777378,0.822139209100103,76.91766318675428
track_166,Song 166,31,281726,1,Artist 66,2007-09-20,0.8401080784391999,0.23906638407502967,6,-55.77567825584915,0,0.7075354377454437,0.21374026206112196,0.57527959485475,0.524449394472252,0.5618506530452986,90.97976922809406
track_167,Song 167,94,276951,1,Artist 67,2014-10-04,0.9894511309650564,0.7580404210112165,0,-38.704127941919026,0,0.462687831687827,0.6573188251562725,0.130876333457687,0.9809065582901296,0.2644721575369968,105.81639232373452
track_168,Song 168,15,201532,0,Artist 68,1982-09-09,0.8895193110437631,0.7600055449620985,10,-29.809249976919325,0,0.8064959461052452,0.4246790124184585,0.45756884767397166,0.5528303560923995,0.12997043661881258,90.53074948856141
track_169,Song 169,31,175778,1,Artist 69,2021-09-06,0.3714672626243768,0.31259802490830013,5,-30.403150359686396,1,0.17964531586413168,0.15296187060574373,0.26828219553948784,0.025015151890854126,0.4966772735777275,114.78711877620222
track_170,Song 170,31,157772,1,Artist 70,1983-06-16,0.19516651721865041,0.41068263301028285,6,-59.762403419271436,1,0.9595942050277405,0.8064028192465743,0.8420242180649508,0.6038779896240879,0.40735481162944986,138.34610080711064
track_171,Song 171,97,178478,1,Artist 71,1996-08-25,0.4893925374065887,0.20969027743020086,10,-29.930236112550578,1,0.3851626277725405,0.5102470998031456,0.31357513206403076,0.14531645633662604,0.6988860851170678,155.8911447537833
track_172,Song 172,10,315425,0,Artist 72,1994-11-28,0.7416414518360422,0.9765610233229043,5,-36.97365252135545,1,0.3415696329442751,0.9774250416894216,0.8387045245338596,0.7985409152820871,0.9041685495477267,194.928525509012
track_173,Song 173,9,146762,0,Artist 73,2003-01-22,0.4925690707532976,0.6456025770584116,5,-1.6752398715265713,0,0.8746057945031659,0.28167935447452497,0.4285646126017921,0.856568196489899,0.8052480869634384,190.31811375564723
track_174,Song 174,14,264355,1,Artist 74,1999-10-22,0.4831808633136685,0.9345438807155155,1,-50.45045496037021,0,0.5638670318917666,0.4806701123050767,0.7265857658264533,0.4820935187947143,0.2744520502048119,139.81777647604804
track_175,Song 175,16,314994,1,Artist 75,1981-04-21,0.8382304210818006,0.30338554362913317,5,-38.7507481944303,0,0.5164443419028215,0.44799545466886814,0.5100602285441437,0.7832214570522986,0.8789332184523058,162.78100790388964
track_176,Song 176,39,290492,0,Artist 76,1986-01-21,0.36140377906718635,0.7818909129968897,3,-34.831110894610816,1,0.7269779195284309,0.12077952243257872,0.6219626241309765,0.14511073548160514,0.8333913141046041,193.1221086475599
track_177,Song 177,17,175568,0,Artist 77,1994-08-02,0.8597946748116456,0.765858643884742,8,-36.558387773943075,1,0.5798342382810904,0.4261152788307795,0.3953565108613831,0.49207818653564606,0.9291362337217682,71.68607223579667
track_178,Song 178,54,205090,1,Artist 78,1960-01-24,0.40680480095172356,0.6916556518665415,11,-20.05015034088825,0,0.16251564475711533,0.2875534564209249,0.7682067678074908,0.39394426469058463,0.45866082103798766,60.788866380600076
track_179,Song 179,72,140219,0,Artist 79,1994-03-08,0.3282331056783394,0.9656389752668004,0,-47.06922854713387,0,0.6741976228649297,0.1603204713669344,0.4251893835736583,0.6113173870530814,0.7685751724093984,64.17196692214165
track_180,Song 180,24,177169,1,Artist 80,1996-04-11,0.453989911199699,0.39355533610631555,7,-46.73570683116049,1,0.13346887928212847,0.2821555840361393,0.4574616465858219,0.044477188803159984,0.5916580655236704,138.86891073221494
track_181,Song 181,58,351527,0,Artist 81,2006-08-13,0.7624469586748684,0.1307173235897573,4,-16.247343089948814,0,0.805857705334062,0.233251691266392,0.5176786682309572,0.7521228382486274,0.31050275254948334,166.79667954235478
track_182,Song 182,77,194965,1,Artist 82,1973-06-17,0.12600202786399428,0.6717088592440608,0,-29.98256887930922,0,0.989736597712271,0.734073531005878,0.8318241183859835,0.07912928947468367,0.9944310025427634,111.39049310430485
track_183,Song 183,88,297912,1,Artist 83,1962-10-08,0.19641921587201738,0.7293098004772062,3,-35.090659436561374,1,0.3773876249747763,0.030775178259160096,0.6593789286014649,0.6564715175301649,0.03830746683966135,136.3334844618666
track_184,Song 184,21,295767,0,Artist 84,1960-12-21,0.951444825663092,0.5750605734588147,0,-49.847816899364894,1,0.44475589820201256,0.6174627479132213,0.34916038656574977,0.018457225539944222,0.16227257255907468,132.29128459679515
track_185,Song 185,29,356281,1,Artist 85,1964-07-18,0.17549162738135737,0.20681789313339627,5,-48.74836662527,1,0.04643365548281231,0.7606613420236065,0.6703196339815428,0.8318880637567295,0.8925423625318949,73.26792482288275
track_186,Song 186,83,204754,1,Artist 86,1985-08-18,0.5677273179310546,0.5044559416693554,1,-59.36690179104597,0,0.013733188082578285,0.4807234564689732,0.6424265730085773,0.17469963022378132,0.060562843412633516,105.02235699136685
track_187,Song 187,84,197988,1,Artist 87,2014-02-14,0.5793144666619379,0.3121897365691294,4,-54.51442386829744,1,0.9214193348763277,0.9315649800079184,0.9310192758797043,0.5154974759769905,0.8868206673435217,62.72092172552228
track_188,Song 188,43,309414,0,Artist 88,2022-10-15,0.4896244620502448,0.42746652816668906,6,-26.589678318585534,0,0.12862406043919206,0.7078806952365353,0.84141643602535,0.26149290372761935,0.7152214760582009,75.49879643291152
track_189,Song 189,31,270023,0,Artist 89,1973-11-06,0.6447452485768186,0.6452185758446639,1,-6.487612199495409,0,0.44577874755947033,0.7479236513114172,0.6474469237512481,0.7226472020610685,0.03668400539454231,173.6601512073689
track_190,Song 190,50,252379,0,Artist 90,1998-08-11,0.22982672579761843,0.7452147426908345,5,-42.77011409216655,1,0.8153546238555615,0.19693348744087025,0.3415071106840436,0.32135110018972124,0.4293200428541766,176.11788961476464
track_191,Song 191,45,200388,1,Artist 91,1986-03-13,0.5526622677767482,0.23222469090134312,5,-40.33516644623231,0,0.8893187599283195,0.7772955758390735,0.7795764488612695,0.7246091935883172,0.7544714750022371,172.27248480630976
track_192,Song 192,20,210768,0,Artist 92,1968-07-25,0.37217325524689715,0.40532536064695335,4,-53.06366336330927,1,0.5193976852834676,0.8320947360831149,0.575208293062801,0.2848712068354765,0.5831002846307997,161.75460973331312
track_193,Song 193,98,155428,1,Artist 93,1974-03-01,0.661667259629189,0.2691615709916292,4,-36.682143263573835,1,0.5650325249759498,0.36126638840598957,0.9852699881009016,0.75247309093576,0.935871291964458,171.06379849598625
track_194,Song 194,31,359779,1,Artist 94,1974-07-28,0.14122354337314946,0.19863161386186912,2,-57.76669772584025,0,0.6696839724632725,0.21336306803297123,0.24750612856980403,0.030605496336904237,0.8676440329119999,153.93752777773256
track_195,Song 195,93,212021,0,Artist 95,1985-11-06,0.5708774168394762,0.7833872199958384,9,-4.943958224285986,0,0.9613824701437153,0.3850506792036167,0.07965584093088696,0.28331133537384845,0.332647635334146,153.7766674342804
track_196,Song 196,38,238418,0,Artist 96,2001-12-09,0.1852703553833237,0.9092526944369924,9,-19.61331911252828,1,0.6026699609445051,0.7396079690001371,0.06989181188794769,0.49863350644027893,0.08462719552009035,153.43065164885314
track_197,Song 197,11,326846,1,Artist 97,2019-02-08,0.2786430631150364,0.3702321856845767,10,-0.5550714364068696,1,0.5594752594563462,0.41763900586870273,0.6400303883516804,0.04505958191972548,0.9442570396456513,131.96599055494858
track_198,Song 198,46,290047,1,Artist 98,1972-10-11,0.21870980032358323,0.7512789243737669,11,-7.030610239290375,1,0.014534135265990678,0.7366518752247879,0.9392602289115238,0.18603406137127865,0.5172867677679266,110.86861268507822
track_199,Song 199,17,252212,0,Artist 99,2010-06-22,0.1828377798688171,0.8969952893644111,1,-31.620564378110842,1,0.08094970202235607,0.11356454097753765,0.001931914291505188,0.9345369816412032,0.07439762437194852,162.2273372626177
track_200,Song 200,20,275914,0,Artist 0,2022-03-19,0.825710951560667,0.8461242105302316,6,-28.818898130977388,1,0.5771716266239962,0.8060117104884844,0.7257710469577774,0.9768342651801892,0.8165756133592795,101.81044190214382
track_201,Song 201,12,146421,0,Artist 1,1991-03-24,0.28570756766089034,0.1828133885392259,0,-48.56543720896837,1,0.9362403878072032,0.2532074816423574,0.6570651825329454,0.7397499473904856,0.8685064706853911,136.00629840686668
track_202,Song 202,20,121708,1,Artist 2,1998-09-09,0.9271237818644493,0.9562918815133613,5,-32.27763942962666,0,0.866691348399395,0.2489289877145937,0.7323041922194659,0.25220005061691286,0.639424640176571,120.66978683050338
track_203,Song 203,7,254702,1,Artist 3,2008-07-17,0.9699265253451909,0.37667644042946247,5,-5.818327590431302,0,0.9825789229922046,0.5903809652038607,0.35540540676233556,0.260517445435969,0.4475089656863399,98.72711879311817
track_204,Song 204,45,270667,1,Artist 4,2011-05-12,0.5712604699370973,0.33924066117383633,2,-56.948794581850734,0,0.527834037561274,0.07011804574698965,0.8204964446578551,0.6457903577950729,0.6621730123235727,196.45658886334485
track_205,Song 205,6,196021,1,Artist 5,2020-12-25,0.1430011226657264,0.062431327277780335,1,-8.18659182010142,0,0.7879309384377668,0.026297726684668565,0.04470693141886195,0.11759961659870177,0.7066836957051236,96.22523032825472
track_206,Song 206,22,279380,1,Artist 6,1991-10-14,0.37454824337958126,0.486173654104883,11,-39.54313190144342,1,0.8404003314893405,0.26102866529344926,0.7554311006220276,0.9483093804303666,0.893029958085968,103.3010289212242
track_207,Song 207,95,164789,0,Artist 7,1963-07-15,0.797732263348214,0.10901361564092871,1,-6.029234094221408,0,0.6480316573308618,0.5380675507348227,0.26707194134908774,0.22481289951018457,0.9558616803747381,82.62225024612955
track_208,Song 208,74,306762,0,Artist 8,1989-09-16,0.36739072869707046,0.248539820927426,8,-3.547205619510919,0,0.33874990421450724,0.9076163862252272,0.47683777485807155,0.9996356254254438,0.5143209323909114,175.21728754400067
track_209,Song 209,85,146086,1,Artist 9,1996-01-22,0.08701721830278875,0.3169426217672814,10,-19.748106779885646,1,0.46997843465779443,0.8464351763073069,0.8226362715572205,0.4957337953024604,0.7984945335265625,142.12251607762852
track_210,Song 210,21,136859,1,Artist 10,1982-07-22,0.5567849109281879,0.808826323491684,4,-20.13457280443933,0,0.8579170722435677,0.49044645992097546,0.271359035191137,0.7714299889929364,0.9645095559916549,145.825495906134
track_211,Song 211,88,127684,0,Artist 11,1998-06-28,0.8451208514960348,0.8754886503958965,6,-32.834739737475594,1,0.29854792598216395,0.03705199369349277,0.18520751164389349,0.0021840945055572325,0.151243338146966,174.8785976518737
track_212,Song 212,21,211088,0,Artist 12,2004-10-20,0.7959263871435024,0.3024663174614697,11,-9.867586527377554,1,0.9237431312666485,0.5352527346293091,0.6813131853478842,0.8887464047516419,0.018267981609676687,108.00875220818311
track_213,Song 213,91,252279,0,Artist 13,1974-12-01,0.17512314013035324,0.8586981212445739,4,-2.303234494003007,1,0.2298063414226651,0.7047955999252955,0.5333948915068045,0.27000204478058043,0.868963772848294,87.10867955322993
track_214,Song 214,28,166099,0,Artist 14,2002-09-10,0.6727646144124667,0.8572309373697911,6,-13.495091979652848,1,0.7495164151567807,0.33916453252503376,0.5144038687461845,0.6679367445480653,0.19527333324716079,87.77675095914655
track_215,Song 215,12,318568,1,Artist 15,1988-01-08,0.2205042634356471,0.7646509503848735,3,-22.683795974597444,1,0.6305592343457384,0.1110633032816547,0.25676951553791316,0.8063552807935896,0.042478766631800946,162.5667750047163
track_216,Song 216,81,186093,0,Artist 16,1995-04-18,0.21820753455217223,0.14669511401518154,7,-23.592426250719797,0,0.7495994411207623,0.2785679532056594,0.03488030582002766,0.16414774055900205,0.16009613765744457,145.97612162474263
track_217,Song 217,1,280761,1,Artist 17,1972-09-28,0.8740717733051852,0.690322846900729,10,-9.03180590498026,0,0.4373475724325948,0.7715888644678139,0.41026913833171685,0.44250948132922896,0.3841149112437693,88.88744300149244
track_218,Song 218,28,168651,0,Artist 18,1991-04-01,0.24966895274023015,0.9450240645805688,9,-27.527774053722098,0,0.9326410625539846,0.35124383228332834,0.10655948046776798,0.4938359406519234,0.21926570159258008,80.3091552496593
track_219,Song 219,84,133893,0,Artist 19,1966-10-02,0.2632473465180112,0.6825404787671571,10,-11.768406825070642,1,0.6324722024114774,0.8119814906857101,0.9059891506492022,0.31211946533920454,0.30525362910044307,76.89622272267619
track_220,Song 220,78,348880,0,Artist 20,2018-03-01,0.0006533907612995549,0.33161684910783396,9,-29.466884689545253,0,0.2882958045542563,0.3195214518074758,0.04125032347173052,0.48175582972898146,0.9752940514300463,147.8918106784253
track_221,Song 221,51,186418,1,Artist 21,2010-09-01,0.8706690341255177,0.5005793174308313,6,-56.25334350156455,0,0.6384550706521437,0.16355503841381813,0.4316508541843814,0.31754565765533804,0.7044055441625751,60.016610287519
track_222,Song 222,26,245074,1,Artist 22,1981-02-09,0.7925948132091347,0.6457250433510536,9,-36.963179465750684,0,0.2868157472070312,0.43584835951360823,0.05224558370082788,0.36074774505520923,0.712191728253204,62.56470796449612
track_223,Song 223,49,223065,0,Artist 23,1987-04-13,0.627328935090678,0.5105704087285036,4,-33.33354253971008,0,0.2936323917598742,0.45227451228913895,0.09554387456476632,0.669331178702739,0.09468537472792282,114.53743898765333
track_224,Song 224,94,250351,1,Artist 24,1961-06-01,0.7502657639388423,0.11995294173096982,10,-51.50296530080297,1,0.3995985116208679,0.016108218549336972,0.658866666922022,0.6325932683049971,0.7320983698226917,156.78898099866274
track_225,Song 225,78,311083,1,Artist 25,2001-02-13,0.1520485674244918,0.31206404465202064,5,-53.85022024864723,0,0.852430417569119,0.11704507270632614,0.6471112609740945,0.23226572579752525,0.7393443329553049,157.30551270963656
track_226,Song 226,22,158635,0,Artist 26,2004-08-20,0.45832359458757543,0.8023960305536325,4,-27.872103020582756,1,0.500297874393992,0.18492601877281745,0.03305219487943978,0.8974828847954246,0.6597450184066322,120.21655830507669
track_227,Song 227,87,307187,0,Artist 27,2021-08-26,0.3512193873487809,0.8614180460955174,6,-54.89138180663507,1,0.6789008422302074,0.11358731737867489,0.0011314751208701956,0.8627885456713906,0.22843629599787507,156.75030492463975
track_228,Song 228,43,215071,1,Artist 28,2016-01-22,0.09377652625701649,0.13730003271557023,11,-41.82328992659497,0,0.391967740274463,0.3415260754213638,0.078818077242784,0.5090833066899516,0.42303617908218494,132.95346514121758
track_229,Song 229,76,329477,1,Artist 29,2012-12-07,0.4861304852149241,0.9523867523987246,1,-15.32418144221544,1,0.26360543980688145,0.964622855617018,0.7629988977119422,0.43325074269575037,0.8462764546696253,196.77039835162415
track_230,Song 230,21,323774,1,Artist 30,1965-03-02,0.9207396503426354,0.32882261784860933,4,-2.1340692259211522,1,0.9546401607162314,0.509222538327078,0.5845764727515071,0.37685598298410883,0.6702016293406263,82.74442993715662
track_231,Song 231,42,198518,0,Artist 31,1987-10-06,0.04005911905069448,0.66231373873072,9,-16.927765166884285,1,0.6035812471230626,0.6275560238706465,0.038118245188491606,0.7072679186664391,0.7327688349999023,144.09341747878477
track_232,Song 232,36,226233,0,Artist 32,1987-09-07,0.2914609134937939,0.7518251459566812,2,-0.4424670928277905,1,0.9339513385827183,0.3563864785230282,0.4880970158728273,0.6716660572094705,0.5873744001258089,128.7734286331405
track_233,Song 233,60,223651,1,Artist 33,2003-05-26,0.20754093620570346,0.8119462346378834,8,-18.099721723235838,1,0.20341300219831504,0.3234877616431461,0.7120293570544514,0.19618060693797867,0.44958659911177845,87.22528825207722
track_234,Song 234,96,192805,0,Artist 34,2003-06-14,0.23814665366569632,0.9457497022259301,5,-42.37233176074035,1,0.14689416391293275,0.023146771915008357,0.8689513946008063,0.6714580313003613,0.7590520100671082,164.99866049983848
track_235,Song 235,55,310026,0,Artist 35,1979-04-26,0.9084345518793753,0.3129195480288226,9,-19.676847569678287,1,0.8558229071239036,0.5003336556760224,0.9340364906590105,0.25243119410203996,0.06792581436630496,98.57112279047934
track_236,Song 236,2,279136,1,Artist 36,1989-10-18,0.4680690542342901,0.8585064545515545,2,-17.87059408818577,0,0.6809172126172515,0.4836090067516663,0.32744056295406665,0.018558336523525565,0.6731607327802641,113.43937467309583
track_237,Song 237,62,242813,1,Artist 37,2021-02-15,0.4662994129398188,0.13168690343620704,6,-37.69638092301236,0,0.18657849925364134,0.15783072618112304,0.1358324284132657,0.699208677537377,0.9972045078506792,112.4762797422542
track_238,Song 238,18,199063,0,Artist 38,1970-11-02,0.7605756424552823,0.7050409063535927,3,-58.93716896343666,1,0.26935970066353776,0.7643240002067037,0.23692592073144747,0.6447936024607496,0.7801919294680316,94.18862624631282
track_239,Song 239,22,122454,0,Artist 39,2023-08-10,0.1544922040049258,0.7419777295139859,2,-17.808012913470783,1,0.8006639415253112,0.49267433031100294,0.7761714920402237,0.41080926237434146,0.2905635115774553,120.29874643777673
track_240,Song 240,28,140878,1,Artist 40,2017-11-23,0.4872653541000508,0.6777232412013204,7,-58.6979942834675,0,0.4538686199959361,0.3389939701615733,0.9714842150423106,0.5256860559195061,0.2778194947053806,126.26842332986656
track_241,Song 241,29,302170,0,Artist 41,2014-06-12,0.4299852141210597,0.252314736135153,3,-22.128715316395727,0,0.6705405065060909,0.14690890902292697,0.46639361736038054,0.9471691917057596,0.6672186105934589,164.19103419330304
track_242,Song 242,38,313226,0,Artist 42,1987-05-17,0.5969106905466561,0.8730431470152034,10,-50.183010675446695,0,0.3183520221360109,0.5521608269710124,0.30535321354778977,0.5952001809054377,0.8958542570085304,167.1096004127852
track_243,Song 243,24,264063,1,Artist 43,1984-09-08,0.9995577032504386,0.168858463370395,0,-26.0637883351174,0,0.3812299527748767,0.7528170260888097,0.42919058196003446,0.6578839353365314,0.5779497408478429,82.19783556083269
track_244,Song 244,100,188344,1,Artist 44,1998-01-11,0.7694488940820471,0.05363479152083084,5,-29.765218477163998,1,0.990712558623105,0.28199935268497167,0.30481314464513243,0.06391132094914109,0.5274022871700583,142.98812190585448
track_245,Song 245,7,224946,0,Artist 45,2021-05-03,0.3978657030174272,0.7174649906119122,9,-59.18918146162905,1,0.24761708717471853,0.21879435157672256,0.2564875232071543,0.16599446067512524,0.16038413384367134,185.46769175911538
track_246,Song 246,57,156593,0,Artist 46,1992-06-27,0.827553052274047,0.4754757152327337,10,-38.228050980293794,0,0.506456377036514,0.521934964064577,0.5937507524071796,0.30095227641158817,0.7154569553598166,75.23012524383851
track_247,Song 247,15,156304,0,Artist 47,1960-05-06,0.17070836331248018,0.8490980199586761,10,-23.934529956221837,0,0.8444023431905322,0.15534330251001693,0.0157359803735444,0.5393793180281431,0.7022986196378908,126.20796623477939
track_248,Song 248,71,281458,1,Artist 48,2016-06-09,0.030463686308960125,0.38339714105825895,0,-9.083606886073213,0,0.23922321366585797,0.6666133865942849,0.25955224866498816,0.7765908959833212,0.9669513923338476,165.04943713716798
track_249,Song 249,0,306292,0,Artist 49,1986-06-06,0.20444837246427305,0.16827858850771282,4,-6.681473169808967,0,0.4152137566843307,0.6053436279442305,0.661382077844989,0.321240877788587,0.3001921843056644,145.60878681352807
track_250,Song 250,4,233613,0,Artist 50,2021-07-09,0.34041155611425966,0.8364421924698697,6,-30.9690017980066,1,0.6150912873699883,0.08708204959142862,0.03206269630680503,0.35638243047877394,0.7564454763675318,74.08199192352734
track_251,Song 251,2,320410,1,Artist 51,2016-04-07,0.5105807574595599,0.5489096316400717,5,-16.29465076203371,0,0.4811881514751025,0.03652037938137387,0.08320181650893499,0.25615088517374884,0.434065261197629,115.52485754913613
track_252,Song 252,64,345361,1,Artist 52,2011-11-09,0.6151291405411998,0.1891957923903549,1,-41.01272540799254,0,0.45950226657031745,0.6202886525885849,0.2933961447857848,0.2546093292953059,0.558472791616135,131.01352975036096
track_253,Song 253,3,272155,0,Artist 53,1972-08-18,0.9106057172144217,0.7203839985864458,10,-39.46881565448055,0,0.3625097313221236,0.2942937739887408,0.8778047986089849,0.9488638458947966,0.8164538556005582,199.41838424027821
track_254,Song 254,98,138354,1,Artist 54,2000-07-12,0.5098540095504577,0.5111136384895005,3,-48.332188849061176,1,0.5866463277749251,0.08644575317339853,0.7648861601652962,0.63545717961889,0.2219950450189756,85.00510730531138
track_255,Song 255,95,142190,1,Artist 55,1962-09-08,0.5012756446257294,0.6043129822403198,10,-26.28311340040564,1,0.6243726979236103,0.7594287049564865,0.022156629416243523,0.15590124353994683,0.3428687395274149,197.53932740241575
track_256,Song 256,63,126142,0,Artist 56,1998-07-08,0.05024300982298213,0.4608983382065819,1,-41.12615094435809,1,0.6532895409013626,0.3140440030176441,0.5017128166884919,0.7222485780842599,0.773308670197597,112.66096979212215
track_257,Song 257,97,279470,1,Artist 57,1965-03-18,0.03491155265622381,0.8287089838180064,10,-54.9377462136897,0,0.07036810790602932,0.4595995496382236,0.27468749398741676,0.722021143360029,0.5704579152878609,88.044868050335
track_258,Song 258,88,303043,1,Artist 58,1967-03-28,0.5511599619163721,0.8295627156830498,0,-18.899634800209277,0,0.6310341757120489,0.23681292745376925,0.648645659062063,0.666470196053705,0.09242291690507021,117.97527149735944
track_259,Song 259,9,161862,0,Artist 59,1986-08-20,0.4381786132483445,0.7093888218243862,2,-17.53480754367611,0,0.9532371787812328,0.6273170783579646,0.7215538825934612,0.1347204450906636,0.430185866778513,145.9593173648744
track_260,Song 260,20,349740,1,Artist 60,1968-05-15,0.8391803949802986,0.10540137739646227,2,-38.40045487325653,1,0.5409862355280837,0.30148841535435944,0.8628625771292825,0.4079914834695869,0.5866333129730164,89.88963514753942
track_261,Song 261,45,304482,0,Artist 61,2021-04-27,0.16067958471184518,0.8388538619040689,11,-55.396596032638634,1,0.7152670825092443,0.9680209612276284,0.47541623710401426,0.10675633049441313,0.9095173164450526,100.80147166229789
track_262,Song 262,90,270575,0,Artist 62,1996-08-07,0.024971662117049598,0.6710129805329098,6,-34.42213695579444,0,0.5567323077592178,0.7029475486169066,0.9944500885455845,0.8166205040921365,0.18848804993863866,179.63651024294057
track_263,Song 263,26,245438,1,Artist 63,1992-06-11,0.44903876793012587,0.6970241660042995,0,-33.459872516987076,0,0.8547406185919787,0.1367222763734658,0.9799861072871093,0.6551721431779193,0.8059529683774829,199.8613246336415
track_264,Song 264,65,168456,1,Artist 64,2010-02-20,0.23747855675225749,0.36298284040387163,8,-19.87974690612642,1,0.9295830945975689,0.41669483967346677,0.8821667244710332,0.5072039367678184,0.13062448307659136,104.5441768097797
track_265,Song 265,40,220167,1,Artist 65,2001-04-16,0.04961437333883745,0.8792795561570067,10,-41.07501652447899,0,0.1842198992963593,0.3854210997298786,0.5748694951580708,0.3430154765005966,0.2422356600758072,80.83995255299163
track_266,Song 266,12,202035,0,Artist 66,2003-12-04,0.724598286847629,0.7253716002348575,5,-19.044043213121675,0,0.4368600365571266,0.5342471107203831,0.39800643750381504,0.1842494744944334,0.24334388349012304,171.0439147991658
track_267,Song 267,8,356460,1,Artist 67,1983-11-06,0.11159299995724747,0.11259046652919447,3,-7.710687494556701,0,0.3923821009327213,0.8419306744792533,0.36438631013978495,0.1064475888331079,0.8774791959088326,144.06379621852034
track_268,Song 268,35,128016,0,Artist 68,1974-04-26,0.6083195000077717,0.40777803440616267,2,-45.75083745826801,1,0.40521512329927867,0.5834220151830017,0.012124750087744829,0.9692406075368996,0.1990176920149871,74.05616007258416
track_269,Song 269,85,122384,1,Artist 69,2018-06-22,0.28104975016688916,0.8863803619601417,2,-1.2648266328060132,0,0.1255241812278759,0.06155667759999928,0.2491744972423665,0.19964864195602305,0.7869607269854091,192.54800740104292
track_270,Song 270,89,313392,1,Artist 70,2013-06-26,0.17349605035502202,0.047196701697378995,1,-36.817911771791586,0,0.8136157259807193,0.655415696802855,0.7188082349491646,0.05987462672138566,0.4618065340196199,70.92693397598488
track_271,Song 271,57,266144,1,Artist 71,1991-01-03,0.37975152291931746,0.9614166196420495,1,-43.9644788911763,0,0.03576624301493525,0.008265297945858396,0.6036320998930665,0.9616667721824964,0.9990907677973108,147.54989622870977
track_272,Song 272,53,222239,0,Artist 72,1991-08-09,0.8014457762229537,0.6791625683195628,11,-34.70932904938257,0,0.5282266077271569,0.779960460540393,0.9164221891675336,0.5489517413578271,0.8390914986521054,119.3512158251014
track_273,Song 273,11,231431,1,Artist 73,1983-06-28,0.3920935769045727,0.6313759776433766,9,-54.33615144576845,1,0.6618783880446912,0.666636072411242,0.05002226691655787,0.7966567349911429,0.739703134447818,137.927348553591
track_274,Song 274,80,200018,1,Artist 74,2000-03-10,0.7507696492110557,0.2705592564879914,4,-52.45764560927306,1,0.2074694380588772,0.308785658352586,0.1552766031773306,0.04376584719831855,0.8707263066521955,89.84998739242022
track_275,Song 275,77,160510,0,Artist 75,2011-09-14,0.1254862967991507,0.24879178873917707,8,-35.133957181900115,1,0.9058501920987956,0.29244180458951574,0.7892437893521301,0.5669458574796546,0.6340303926050336,156.33545589509123
track_276,Song 276,13,300005,0,Artist 76,2008-02-11,0.7727714196650791,0.9420582194885955,1,-14.253328683653997,0,0.8385492070247931,0.7982729965463056,0.3585076311953338,0.39820996411799514,0.8436522565284976,194.36075647866755
track_277,Song 277,33,141826,1,Artist 77,2021-11-18,0.23693332490664865,0.29827245423412274,1,-5.981265625530547,1,0.4710837294839253,0.7833366919246205,0.11834533371787792,0.7719644343498835,0.26112684736145586,124.17962236628819
track_278,Song 278,52,188026,1,Artist 78,2008-08-22,0.6773931298888728,0.7755052967189994,11,-20.110920557023746,0,0.4111489323401387,0.35230235437675994,0.9964505051000891,0.03842564563905859,0.09770321110107494,133.21415885955182
track_279,Song 279,19,241668,1,Artist 79,2017-10-12,0.5657815548409963,0.39312179820707915,5,-53.68682668570982,1,0.23656792521110004,0.2989477280797803,0.7872503026693629,0.40169056856161434,0.6159320070866687,93.57363387964338
track_280,Song 280,74,276590,0,Artist 80,2011-03-23,0.9291447172116873,0.13925407078470398,9,-19.678814269167894,0,0.7299932246449636,0.55982478888279,0.40874103675812257,0.799073419486196,0.434690392663586,184.86151772515137
track_281,Song 281,15,144045,0,Artist 81,1971-12-12,0.38732251797531403,0.01071529769535895,1,-21.874324757821682,1,0.13174379963196414,0.00836565998414418,0.8233474769461403,0.52269726463837,0.42644079529243195,195.96441671959414
track_282,Song 282,94,301948,0,Artist 82,2021-05-13,0.06616518883444045,0.5442573370152508,11,-11.654164902400126,1,0.680237753843783,0.08266703798654229,0.6806038701191534,0.550038740998604,0.5267478524300462,170.0815639120476
track_283,Song 283,69,343518,0,Artist 83,1998-06-25,0.019155485551252904,0.9757788185489327,3,-10.485080000869146,1,0.8424569861184136,0.12616959014873674,0.7899747595698333,0.0971646819659655,0.3613826115655425,135.98829030237255
track_284,Song 284,55,210102,1,Artist 84,1961-10-13,0.8268585609727531,0.3691361938092045,5,-7.907815453261264,0,0.22847157591702372,0.1854118178271742,0.8152063775656498,0.13233055612009137,0.6260595314428291,193.9515554312083
track_285,Song 285,82,171919,0,Artist 85,1962-06-19,0.5247356376614322,0.35719233399304484,4,-35.1521091252541,0,0.8664274028987562,0.5120181266754691,0.08472868329031791,0.6769996053657859,0.03056836734762991,81.53900775141875
track_286,Song 286,100,219441,0,Artist 86,2008-04-26,0.7752440518349493,0.3440916178494421,0,-18.128136278871345,0,0.033323199439508455,0.992241914861122,0.6229728876880957,0.6750466222899199,0.9698913418817633,126.98872038533058
track_287,Song 287,57,278175,0,Artist 87,1996-03-19,0.2344256000115147,0.5205438373048584,5,-43.904978464661355,1,0.9127873853865254,0.6526134017473535,0.006785552976827591,0.9791033942522733,0.9247089920455704,135.26479894169785
track_288,Song 288,3,287260,1,Artist 88,2008-04-23,0.34508374551323373,0.44066488342429355,0,-0.03982320098974412,0,0.11836222785129802,0.06129879444922359,0.04345624630117062,0.7119529880655504,0.9352701625819336,128.86829876533275
track_289,Song 289,3,256917,1,Artist 89,2015-01-14,0.03010387221131894,0.8799146267270145,2,-49.4799455173884,0,0.6457591779380326,0.5255793740622418,0.9039800090558409,0.4932434959334473,0.36500349558371836,172.33856020501844
track_290,Song 290,19,337770,0,Artist 90,1976-04-04,0.9614923245741122,0.5055207917234903,9,-59.393134100349855,0,0.2500824689139418,0.49664521238950443,0.5275637213568055,0.8573278235335529,0.5318909576590998,153.85640474229098
track_291,Song 291,9,287746,0,Artist 91,2018-01-13,0.6678679067008134,0.5077578381885688,4,-51.071477128909436,0,0.8365523911696138,0.1441678158180495,0.7359019858685248,0.10447298581593623,0.9541306030575752,77.73218522855663
track_292,Song 292,23,238325,1,Artist 92,2008-12-08,0.9332050877593062,0.1383715947205566,9,-13.4476626273524,0,0.5123003609154665,0.9202723688024077,0.838500990443146,0.4492958208962545,0.9023460564275866,108.50318302802846
track_293,Song 293,98,139337,1,Artist 93,1961-01-23,0.2654964074290723,0.982739540910386,4,-33.19297940950731,0,0.13524119124650136,0.44076524767536895,0.949586767564585,0.28710911092756974,0.7902444759011473,107.4707587741641
track_294,Song 294,25,273385,1,Artist 94,1961-10-21,0.6114636112256608,0.24997289086882968,9,-33.1499851313743,1,0.5709915713259784,0.9945591406097397,0.8693528479227959,0.10463780692762559,0.40733158984759243,139.18850699101
track_295,Song 295,36,278015,1,Artist 95,1987-06-23,0.6784999682926378,0.07336406745960267,5,-2.6986248232998875,1,0.40788261019698313,0.4200722952521643,0.4833114486972939,0.7635020847203663,0.5643392231821734,100.80417847210558
track_296,Song 296,84,197949,1,Artist 96,2013-05-19,0.31754970025758844,0.6631462489752088,11,-4.821905518315546,0,0.6614478166131011,0.6079577026836093,0.3359703073805115,0.5107920304988839,0.7929124742166477,76.41804773754748
track_297,Song 297,53,120276,1,Artist 97,1982-11-12,0.8481092350156301,0.5953663701568727,9,-41.328315731759446,1,0.8819032847634595,0.10476253645144007,0.15449323620603816,0.5567687198974907,0.27301199554003175,151.51557319199895
track_298,Song 298,20,171151,1,Artist 98,1996-04-18,0.9471614629002478,0.4151456539927457,7,-47.45651227314803,1,0.40938913118341846,0.4542278238068692,0.40032148248727994,0.411255187910329,0.6264493682281114,179.14517139490314
track_299,Song 299,73,268683,1,Artist 99,1991-11-06,0.8848551176960043,0.42219223388067806,4,-9.091067403975622,0,0.28988067953385965,0.2387658940039733,0.36649357916116343,0.4603372316027352,0.8279343248518568,190.42513336522936
track_300,Song 300,37,355713,0,Artist 0,1992-03-18,0.7390669759393725,0.7850639210464312,10,-5.638855737338211,0,0.014515094527608796,0.835564798571235,0.5595748419558734,0.11601738712300314,0.7074547917329014,196.1609784723266
track_301,Song 301,45,263016,0,Artist 1,1960-01-19,0.27746467972495403,0.19571264009964906,0,-27.504184632090784,1,0.5748390378598749,0.7839195848675399,0.6655094087572134,0.6729178242869764,0.4794806311910007,169.35635846926198
track_302,Song 302,3,172887,0,Artist 2,1978-06-22,0.28161604210563174,0.8202533189448897,4,-22.23457733297397,0,0.40227476743143353,0.8241799996253585,0.9783254764450474,0.43244735960521374,0.5846083595551583,79.5583399608663
track_303,Song 303,59,201442,0,Artist 3,2021-02-05,0.9633603204460379,0.6487471138950182,2,-44.585142918462395,1,0.3746492190148287,0.7236094377579514,0.7283861861007325,0.8167675731295833,0.9886755431457941,179.43565539314142
track_304,Song 304,56,169847,0,Artist 4,1961-08-24,0.010284495935692028,0.4189697737795244,3,-11.951838721288524,1,0.18293532128421253,0.8326832236200512,0.6437485324429233,0.1962872001430761,0.6019877946472101,115.99441027354635
track_305,Song 305,44,178653,0,Artist 5,2012-10-09,0.7160499732421445,0.4580286165838686,7,-22.072654293058612,1,0.4300553451912743,0.20082875017492086,0.33509243426834256,0.20505509341883577,0.7856177540186438,162.1875839309309
track_306,Song 306,19,337144,1,Artist 6,2003-05-27,0.7062461625552622,0.2566472071860958,6,-29.789189322120205,0,0.9844419535833683,0.45204377657980166,0.03450387649832598,0.6457595715306877,0.7266047643776626,134.37752069451702
track_307,Song 307,16,176622,1,Artist 7,1985-07-03,0.6226895409497974,0.7521143326969748,10,-56.39348663529625,1,0.29775415367224434,0.6918468799459682,0.28812512885469177,0.8460034233973969,0.7014906155293632,176.0048587108297
track_308,Song 308,70,147810,0,Artist 8,1991-10-28,0.9901088460868658,0.5128747423052678,4,-5.0439022493307775,0,0.5997044134081002,0.6373924979351349,0.7684479004596177,0.4721978386181753,0.7163690551140436,119.57080259755641
track_309,Song 309,3,197842,0,Artist 9,1965-12-10,0.31187943576372523,0.3208545427498436,1,-23.07291477693564,0,0.7764868813156668,0.716354482874087,0.20527194080380173,0.7269538687331,0.4544097512814639,68.6511335036029
track_310,Song 310,92,242225,1,Artist 10,1991-02-19,0.3399718637932482,0.5960501157609502,5,-48.43853431842192,0,0.7491578231765317,0.2242583831512317,0.7121881936741145,0.9993299214930856,0.4741601745181253,137.95531952354594
track_311,Song 311,13,130503,1,Artist 11,2014-08-03,0.07893940294655555,0.995734452051323,10,-23.616832981016834,0,0.32877428749259074,0.09843470904498974,0.5797798425694158,0.9902656397289281,0.4678627373607823,83.98067765347425
track_312,Song 312,2,204761,1,Artist 12,1963-02-22,0.44279813654373745,0.43526227965655384,5,-19.352198745601598,0,0.6108600835168504,0.9168065780747764,0.17185686975046488,0.7443368428217001,0.03325460721260809,195.17246852940917
track_313,Song 313,87,288048,0,Artist 13,2014-04-15,0.2610485262348481,0.9206914007786196,9,-28.453779799006472,1,0.8712646852701572,0.5601718955673585,0.26162480629182994,0.7395864896782488,0.24106533033232347,133.77482921556881
track_314,Song 314,100,246439,1,Artist 14,1970-01-01,0.3433867021776442,0.3450168399245661,9,-16.91389572263865,0,0.015447427733077945,0.15382592450741095,0.4963036034864765,0.24761888719890568,0.1545640066498828,137.49823113721646
track_315,Song 315,79,131590,0,Artist 15,2015-05-07,0.8345717902556277,0.054732706924985886,10,-25.112763124282544,0,0.43573435684330764,0.7934365818873615,0.41837470510784747,0.8335396315437738,0.8864450113972573,187.0171997940745
track_316,Song 316,57,261958,0,Artist 16,2018-09-12,0.9354845135274957,0.20424210636842888,5,-3.133825078071105,0,0.22427341824190528,0.9149299366292826,0.7785638475467596,0.40510212704712056,0.274969366452949,147.44193432116447
track_317,Song 317,54,263938,1,Artist 17,1976-01-17,0.18573307200518563,0.4186951433276842,8,-56.77817528404159,0,0.38863229039883895,0.16956351857110907,0.734404642543247,0.9619939098668226,0.1384426344655404,102.38211280655901
track_318,Song 318,3,186624,1,Artist 18,2022-09-21,0.37250893155346587,0.219634928594569,10,-53.62525749182637,0,0.41598960797524165,0.8174124552691105,0.5745745034730171,0.08142768870693551,0.11976693191088494,101.45324636787196
track_319,Song 319,23,319971,0,Artist 19,1997-11-26,0.9286305621153941,0.0002270382182555375,7,-49.579701782739605,1,0.746670964786637,0.9332250613191283,0.8222747114729252,0.43584036887272604,0.6999898345521587,130.22101098690388
track_320,Song 320,33,283864,1,Artist 20,1983-08-24,0.06180846068922263,0.9150015377475272,7,-18.589735763740073,0,0.09382187239544315,0.9383616002960173,0.5626695406843086,0.5558404876834986,0.0060833109149592834,181.32515205008224
track_321,Song 321,29,260836,1,Artist 21,1964-06-20,0.09236052811137851,0.843879411230929,0,-21.26424763501148,0,0.5125839031325105,0.9141564616535012,0.9643892566572602,0.40515620708616484,0.47130440175650823,171.26210770307898
track_322,Song 322,81,240356,0,Artist 22,2011-07-05,0.16279098920622936,0.7422922314869471,4,-6.4764683874183575,1,0.5641947917987453,0.5464210123601028,0.21722409915108143,0.21057919050494334,0.11887110559819625,194.78368204795828
track_323,Song 323,18,337228,1,Artist 23,1993-03-04,0.5952128341268748,0.16781459564602863,6,-16.027352826966094,0,0.4941576035518044,0.35621131725386923,0.7141319936021527,0.5929884887825099,0.8496633776359052,70.06405719930851
track_324,Song 324,30,162727,0,Artist 24,1965-01-28,0.15047227100599747,0.12036357620998606,5,-29.498670746124464,1,0.7318732530627201,0.007272807694009287,0.36994413205446797,0.7559179146251376,0.9584503564524582,97.5656496550074
track_325,Song 325,59,198471,0,Artist 25,1981-05-12,0.9680763814507335,0.06760474947238315,4,-0.4900924521821821,1,0.3837912559068474,0.060912226871527086,0.2789661944201939,0.6448385960201964,0.9587546162149037,71.22907909392164
track_326,Song 326,59,128068,1,Artist 26,1970-12-20,0.44671452725852034,0.7240291887729212,7,-44.033522629842054,1,0.9449670636400761,0.42883901529739066,0.18038747596771287,0.2344488488080395,0.4419641089467693,165.15108714634107
track_327,Song 327,18,236923,0,Artist 27,2022-12-28,0.5015179603501664,0.9288079606878853,2,-10.008500412872763,1,0.48180344253894136,0.3993261463915103,0.5525034762615438,0.7316079443685239,0.6445148244347965,79.71671648105371
track_328,Song 328,48,258367,0,Artist 28,2007-02-24,0.2466586158054065,0.430535820913037,5,-34.39257766836484,0,0.5712139096147976,0.1847139095698832,0.21546943274921126,0.25689780604456325,0.5997041365107446,73.98408451966495
track_329,Song 329,62,292232,1,Artist 29,1975-05-18,0.4709602524347335,0.11914067199604816,4,-21.07589166745595,0,0.8255308233467494,0.3954800280316568,0.20035085144840592,0.17520236292404,0.35003890138595295,138.63410899393807
track_330,Song 330,82,131390,1,Artist 30,1992-08-17,0.6619136326370115,0.5123928207321066,7,-16.36389177285396,1,0.27523610593112247,0.1746500654553681,0.9905319050838179,0.6906680154387221,0.44406449142053117,117.6078596966822
track_331,Song 331,21,226752,1,Artist 31,1968-11-19,0.7511771369540428,0.34883190745863013,3,-21.97475476857982,1,0.07520202876280246,0.8487912527758406,0.8017474168457608,0.8427872461139291,0.06432369723328568,160.1141874267454
track_332,Song 332,23,271203,0,Artist 32,2019-09-09,0.753868082709913,0.3748249243499977,7,-51.569561813484405,0,0.7077839783624825,0.29819487787559884,0.7482768202543754,0.4815394476965744,0.7956990326714872,128.18215483803823
track_333,Song 333,75,214754,0,Artist 33,2018-02-04,0.5778911126940883,0.6213306241557073,9,-33.422939355124036,1,0.48301185554837867,0.59856435015831,0.794060625882755,0.5313917931384378,0.24080351215461904,119.54684343166338
track_334,Song 334,29,195969,1,Artist 34,1965-12-26,0.9043597749938572,0.7187181132622024,1,-26.313697324012537,1,0.8965042509589948,0.5028430619990868,0.9689228737187425,0.30274757047123246,0.46052733113637623,119.57006282457593
track_335,Song 335,57,266110,0,Artist 35,1975-03-21,0.8174078473061094,0.11060359887316085,8,-9.057374449284197,1,0.9826800487224341,0.051882077593992215,0.5732766887532035,0.4946180151100322,0.4806207336166439,182.06269325583963
track_336,Song 336,30,303399,1,Artist 36,1988-03-02,0.7570481146986254,0.035590230806476386,8,-33.381255072085665,0,0.3991093505747292,0.9422337194911662,0.22024387740286056,0.1319829980124072,0.5607117391513182,115.3315911011453
track_337,Song 337,99,344790,1,Artist 37,1962-01-04,0.05560552168046062,0.9943303026857149,9,-4.875161711744909,1,0.41543901625966084,0.5272259782504833,0.862209640753239,0.95583082968299,0.81787663788809,106.6755978877487
track_338,Song 338,63,197064,0,Artist 38,1979-08-02,0.006877962219649314,0.23272834891555183,9,-33.57754661848736,0,0.40796260220572644,0.3250576433918153,0.7427307294540901,0.8003606536565963,0.6918810461837497,107.3949107831821
track_339,Song 339,18,141281,1,Artist 39,2019-06-15,0.21244727719547296,0.053830524908459076,5,-27.073208444219304,0,0.32455410973092613,0.15812656963306826,0.4143083123341731,0.6679730608221848,0.663063049129192,87.52411155408464
track_340,Song 340,47,174189,0,Artist 40,2018-12-02,0.6635235939134523,0.18987532909591998,3,-12.222859023431937,0,0.7816870977663974,0.33852663472683575,0.47356949857464636,0.538194371684403,0.5267454958049398,180.49643908035853
track_341,Song 341,44,168511,0,Artist 41,1995-08-04,0.4111974888825458,0.03895784634846422,3,-25.015938934671382,1,0.7589957624907276,0.020511603023389502,0.4112523984788691,0.7921691362279645,0.09595575494658992,80.52831410386142
track_342,Song 342,99,242115,1,Artist 42,1978-11-06,0.40240625929931173,0.39181089461717167,5,-2.3869156570305208,1,0.47864487055052485,0.3635581553482977,0.9299421602290041,0.4947572395858043,0.4020084716508614,187.20550329194475
track_343,Song 343,93,128605,0,Artist 43,1985-09-07,0.8845868882296137,0.8024017844513243,4,-20.37985016915235,0,0.04466121637889875,0.5314859273045048,0.34353161149829414,0.2999739081545325,0.9573168512905521,99.68548106754088
track_344,Song 344,54,220318,1,Artist 44,1962-05-10,0.8955628481318387,0.3412444497577206,5,-28.637432755943937,0,0.3095593015130734,0.8718662458509447,0.9634842786561725,0.16037423516667204,0.9955480752882525,185.91975510433855
track_345,Song 345,54,252453,0,Artist 45,2022-12-19,0.9091752640535857,0.44418340687836655,6,-58.58448193315225,0,0.2923030465548375,0.6873744176977976,0.9102717712539499,0.6475855888018073,0.7304981461009182,170.7148919540408
track_346,Song 346,96,317706,0,Artist 46,1978-03-19,0.3138780765150273,0.6755867735674388,6,-35.17602614518021,1,0.8110872462002584,0.1115823131332414,0.6305211422481733,0.9294257450265141,0.22751496307464503,141.47825293305021
track_347,Song 347,17,139810,0,Artist 47,1979-05-26,0.6910558127392618,0.5088940700698802,8,-42.04509484439038,1,0.08757557341617472,0.1477463244379611,0.5798217731000747,0.15361855350435116,0.10189064600339592,153.72580054860387
track_348,Song 348,62,275394,1,Artist 48,1991-05-22,0.27163318127436964,0.8614456860213242,7,-15.11365992675065,0,0.8056753790427041,0.4281233678183747,0.3700892800699709,0.18001804505080676,0.41476435904619924,105.61817271548988
track_349,Song 349,91,161869,0,Artist 49,1966-05-12,0.19060983307444979,0.8660356750457565,5,-47.503339490787255,0,0.669183652199143,0.19570775163878784,0.01833838901064988,0.4336060334095351,0.8565719023593357,140.39200600587273
track_350,Song 350,46,152955,1,Artist 50,2011-03-03,0.18463245734736922,0.009910695491153643,11,-47.68679476235569,1,0.7324414591304492,0.027849777582755753,0.12762318623775326,0.806899347919689,0.7218642398950005,100.93640610173759
track_351,Song 351,74,181388,0,Artist 51,2000-11-13,0.34210762086359403,0.7780463064831992,5,-48.628857405757394,0,0.4322131875850235,0.8050148801180702,0.7542313233495487,0.2939227289715046,0.8838922375411049,116.31819394466463
track_352,Song 352,56,130207,0,Artist 52,1992-10-18,0.4299576197798217,0.46073360024167387,4,-52.46306321062585,1,0.6797257960017582,0.019522570697994124,0.47154012658816524,0.25391292467002813,0.6157763146976523,167.05275773209428
track_353,Song 353,44,338401,1,Artist 53,1999-04-08,0.8309491710550684,0.9888405413036631,0,-41.33957977974676,1,0.6090289447069158,0.830689605198014,0.1498381341879681,0.6199662914628339,0.13032836458969232,94.15055893343026
track_354,Song 354,32,318700,1,Artist 54,2023-09-21,0.1198910934727121,0.48323207587543515,8,-6.844673133394494,0,0.7689801952286295,0.14410396303296602,0.263960854131871,0.5356147818743319,0.11479596699816408,177.43844221725527
track_355,Song 355,16,279292,1,Artist 55,1998-10-15,0.7349258473948942,0.9868959453882975,8,-13.504291661642704,0,0.44676983446825214,0.9746784108071161,0.9478368998469997,0.06022036444523626,0.04800230263012928,112.62359951309952
track_356,Song 356,69,335122,1,Artist 56,1977-09-01,0.5314549141893053,0.7545693612057366,8,-15.88492702159239,1,0.4728256248963024,0.6038739118261901,0.3671328353102651,0.08148997730927654,0.567079970573531,134.50379451986532
track_357,Song 357,3,354618,1,Artist 57,1999-02-03,0.2879453426759925,0.24860488461330632,10,-12.159791661002238,1,0.6435762227398202,0.7349829716298955,0.9076819452191535,0.6430129801847662,0.24288623662478903,191.87446825880227
track_358,Song 358,19,325157,0,Artist 58,1960-08-26,0.4928195845328246,0.5383949792869577,7,-43.8349266402257,1,0.1080774936663883,0.11048362796806488,0.3046358322935767,0.46512359914777957,0.7343836413549505,155.37578822616248
track_359,Song 359,46,142031,0,Artist 59,1970-08-08,0.29994206977702265,0.9921356394785827,9,-6.753498554850729,1,0.4362444483643173,0.8621040734514801,0.5432200943671609,0.970977191589147,0.6862499358575073,150.38457579824785
track_360,Song 360,90,321793,1,Artist 60,1987-07-04,0.596081955238306,0.8575306077519237,2,-51.761797491503735,1,0.9719508452598056,0.8391923428715384,0.02047708336219789,0.6785314107300647,0.31811074240831694,159.62508186470407
track_361,Song 361,14,200807,0,Artist 61,2016-08-16,0.4338439228552442,0.0973668937912211,0,-39.81925639706508,0,0.03755232006004561,0.6529927315417177,0.5218751103735769,0.010073661993231453,0.17680166646406437,188.5355874264786
track_362,Song 362,69,191312,0,Artist 62,1984-03-23,0.16440552907887873,0.7063719968099961,10,-24.795112861959424,1,0.3160047228663938,0.5022748645953874,0.6369420106106303,0.4810187798004618,0.10240034979600121,94.79191929101151
track_363,Song 363,46,179766,0,Artist 63,2009-06-10,0.11658307455569672,0.34557958587081306,11,-53.82569469947996,1,0.31410981908937075,0.7214891731316725,0.2343050993371779,0.4144479350354795,0.737315273813097,145.85376881190737
track_364,Song 364,77,263521,1,Artist 64,1982-01-12,0.5466956820721302,0.006982261880348117,11,-16.192188733414504,1,0.6334641192357726,0.005928215336878151,0.578937176205357,0.1067138599937687,0.4504409954259332,116.05513961371132
track_365,Song 365,74,209833,0,Artist 65,1990-07-14,0.9024130332861034,0.4034809690269996,7,-36.765237107791506,0,0.1058003594241399,0.5924407553984594,0.6471677720509855,0.92320883587219,0.3235299141781389,61.659741049434146
track_366,Song 366,8,307771,0,Artist 66,1989-01-14,0.34395768655768555,0.2347544217249713,6,-12.935660063495995,0,0.6285440308788611,0.8474061349292366,0.6868860783817565,0.8050112990817236,0.8566530158063121,77.54212549685529
track_367,Song 367,89,357199,0,Artist 67,2001-09-02,0.7330001072226232,0.8188692705204715,4,-30.426222864923837,1,0.09504024065161942,0.35689988717475485,0.7764033220221032,0.23008590842000187,0.593613216569384,105.49886533690238
track_368,Song 368,15,332325,1,Artist 68,1994-01-23,0.658661354939767,0.3373306088457655,9,-49.14752853447982,1,0.09495364741833101,0.10828935648291682,0.3113392429294165,0.2559807588429972,0.5180023363965844,139.0999959654682
track_369,Song 369,68,356731,0,Artist 69,1966-01-05,0.931554914309481,0.8275236939538171,6,-15.91429131867934,0,0.7281833571884823,0.42087724974320617,0.5677769564318782,0.032018053319450956,0.7433791649756157,183.406468737478
track_370,Song 370,60,355841,0,Artist 70,2019-07-05,0.8209810172991409,0.0005979388347953085,9,-44.87136264966338,0,0.32413517383279633,0.7271044490585069,0.9815790297645944,0.29671745157904095,0.8155831402352883,170.75597654820155
track_371,Song 371,9,231041,1,Artist 71,1975-02-06,0.566605258905463,0.30781915002611915,3,-30.551381923917432,0,0.9774229477137478,0.10730121037067253,0.8981441706651572,0.5846220089133536,0.6860731554227195,137.46671413918784
track_372,Song 372,49,236185,1,Artist 72,1985-05-13,0.6570304982341073,0.24116521430776194,8,-55.468003850585546,0,0.03735293643555493,0.20604856021288998,0.9526654280983665,0.42084338838666824,0.4400063185993527,70.34185850704547
track_373,Song 373,2,297164,0,Artist 73,2007-08-09,0.8983864665840349,0.23356736106861098,10,-22.9280007352778,1,0.4451066637179941,0.14755184682869993,0.3861363985285714,0.9692554637196809,0.37929879267218747,100.026880655297
track_374,Song 374,76,314743,0,Artist 74,2016-08-22,0.3995187845869348,0.0681866197654627,9,-20.048534027023365,0,0.11313593767402363,0.7969477555752249,0.7869281058966617,0.056080169263670876,0.7716649382727022,111.33921070491414
track_375,Song 375,93,130350,1,Artist 75,2011-03-28,0.32679470585777737,0.18712427041050173,1,-37.27954740163298,1,0.35137896675810865,0.06289262245248683,0.6198979517603478,0.5914301588990106,0.5179071606402861,147.04040592853795
track_376,Song 376,69,347230,1,Artist 76,2019-07-15,0.010811083635196339,0.5555495698856199,8,-2.734633180735571,1,0.9982224506090506,0.686586502114433,0.08273508306224109,0.858309440507048,0.7043860785173763,69.08930721717775
track_377,Song 377,80,220859,1,Artist 77,2008-03-14,0.8265510741914642,0.2913610728377445,8,-7.549864711075898,0,0.8888425117385318,0.36645692075319136,0.8239803891570654,0.4807409124097226,0.8903987890805519,134.22709763006628
track_378,Song 378,50,188487,1,Artist 78,1961-06-24,0.8009807004033649,0.41739478232914795,4,-17.523545055600316,0,0.048324408855396905,0.7557912428853023,0.6771012763573646,0.0029627205603968143,0.9158906347367032,186.20504066025902
track_379,Song 379,18,268694,1,Artist 79,1960-06-07,0.10445451810015138,0.3768668803471885,10,-17.180875530375438,0,0.5632558438256834,0.9643834187840377,0.1989173595152668,0.2428014998262752,0.27771563924057263,158.76057739763638
track_380,Song 380,41,243853,1,Artist 80,2007-03-25,0.5768573811327002,0.8759049249998946,0,-44.85589710347092,0,0.6478223048244357,0.1145452995864823,0.07973855742946134,0.32376897566796614,0.1878899502725141,171.59075291878588
track_381,Song 381,34,321335,1,Artist 81,2021-07-20,0.4639816981668874,0.9052989990105155,6,-20.591086134693064,1,0.20953462395012568,0.31438504106745846,0.8370221306483306,0.9659944945574624,0.26128736033683786,155.4345907702703
track_382,Song 382,45,173117,0,Artist 82,1971-03-02,0.11870909550911146,0.49295697165586005,9,-48.10762408586882,1,0.14510557339645025,0.810125427718857,0.07890182949120106,0.9117732818386994,0.7513717705355027,88.9224757041629
track_383,Song 383,25,355062,1,Artist 83,1964-08-07,0.9805682270607236,0.3301559503156044,9,-51.35980656481067,1,0.9043811346655234,0.2661583860511765,0.09135386536643664,0.9491705051076303,0.37005803604616017,75.46773480924261
track_384,Song 384,68,309466,1,Artist 84,1996-10-06,0.21469588746335544,0.10680070400236363,3,-0.03192634784518589,0,0.9688164414833766,0.21512059704604092,0.4274082879043153,0.8257584576169683,0.17338928084132976,176.12869422068724
track_385,Song 385,92,353077,0,Artist 85,1991-04-17,0.06723418009056115,0.953402879382095,8,-22.65744411160955,1,0.9918928573196418,0.8253779778689717,0.13479782841947707,0.3516477341139044,0.09838549250696926,157.37062104217398
track_386,Song 386,63,221084,1,Artist 86,2018-01-27,0.5948473795019096,0.06022694490029745,5,-34.14072764056857,0,0.7897617737346345,0.9870823640059703,0.9136695974427194,0.9058764220962006,0.32731318882968785,140.50861823429153
track_387,Song 387,36,143782,1,Artist 87,2014-04-25,0.7388666771330327,0.29765027756828044,2,-42.71012862696292,1,0.6635020694052571,0.5568805901479658,0.4702839362632367,0.9816845059370488,0.1361364403505113,86.49960109555444
track_388,Song 388,83,148454,0,Artist 88,1968-07-25,0.03244344604718696,0.29806620117000415,5,-23.764773380266355,0,0.3457302521929979,0.27804874833333926,0.5691509806545715,0.3500713122749529,0.15637361253330695,144.4682951436455
track_389,Song 389,48,187904,1,Artist 89,2000-11-28,0.6587176387270222,0.3204012861402149,9,-57.02438950679483,1,0.17139831232475244,0.398565961600054,0.9281060894780875,0.2605559659864489,0.6838839734462702,64.38504993110237
track_390,Song 390,20,249936,0,Artist 90,1994-04-02,0.5322918759514544,0.16428684327240928,5,-54.319140569712296,1,0.0789805993662317,0.170130327383609,0.5302632256383486,0.5469162927822213,0.01973209566840528,76.63747881515432
track_391,Song 391,73,266664,0,Artist 91,1978-06-03,0.10326500887504841,0.7831614309236972,4,-58.02859813557622,0,0.693297468551492,0.7618872788907525,0.35359114595731855,0.18715219259893,0.117553261625438,103.66462097261943
track_392,Song 392,63,273245,0,Artist 92,2007-09-05,0.17252387694636206,0.12249786196598922,1,-30.049810004240296,1,0.7847234151793583,0.7734740178227679,0.7971551058158318,0.032624221406380216,0.8443654912130965,122.12335883756302
track_393,Song 393,4,284276,0,Artist 93,1975-01-05,0.5679742973160805,0.6349066591531628,9,-23.96360224876905,1,0.82645365245498,0.8751209923824944,0.4428501974752107,0.9458311711158697,0.8449140850182532,76.87902941508005
track_394,Song 394,99,286668,1,Artist 94,1962-05-01,0.2963576135132884,0.12384602670581746,9,-56.25121431853075,0,0.9137650033037986,0.026602563596563877,0.3184694256023054,0.9257406324414192,0.32924347876357696,76.79162574005501
track_395,Song 395,69,285396,0,Artist 95,1979-11-08,0.9383157286513161,0.07053563759295656,1,-16.72653195006501,0,0.8799295636383736,0.5619813416263792,0.7232294586055346,0.16265385376212105,0.08795300836872899,161.62511248170898
track_396,Song 396,89,242258,0,Artist 96,1983-07-12,0.8187402294840508,0.9094295036858765,6,-46.17629570912614,0,0.9997412722580926,0.2142554343431844,0.801605676613043,0.40774024692971944,0.7049703338072059,139.76071691468798
track_397,Song 397,3,231668,1,Artist 97,2013-01-24,0.983567206513663,0.19012876631870568,1,-18.887912773808033,0,0.24406401096725128,0.3408830154923571,0.7917161675842714,0.8310363132726856,0.3601316877738744,134.7238773088731
track_398,Song 398,38,312274,0,Artist 98,2015-04-04,0.259670838950414,0.8212501545597043,11,-1.0861715978852615,0,0.7633076152122106,0.7849556152865075,0.9776744141287076,0.661000298820853,0.045464627204925834,123.34082931645699
track_399,Song 399,34,340472,0,Artist 99,1992-06-13,0.969723632797977,0.5446308711071358,5,-18.533647796768932,1,0.5864595123747977,0.19203365236149617,0.7866669488749627,0.3947875091707139,0.15782698129979855,196.71603488823894
track_400,Song 400,0,244184,0,Artist 0,1983-02-23,0.43123386979155787,0.0778565196087696,4,-7.008416824583492,0,0.2612451324535824,0.6383417505810897,0.7699334359486862,0.744170997182819,0.1372148119640243,66.97203960521274
track_401,Song 401,23,281822,0,Artist 1,2011-10-15,0.3475187953137546,0.9554481914380675,3,-3.1080895954159544,1,0.9819053222869428,0.6545661912235982,0.8574852537362202,0.8970473882101909,0.5891163438276622,85.28780466262084
track_402,Song 402,56,327184,1,Artist 2,1970-05-11,0.05034952696935324,0.24696116699189252,6,-30.79493709886107,1,0.8978981047742521,0.9540939149023007,0.00018519529544280822,0.926158330525868,0.8981175836035613,150.65108603617324
track_403,Song 403,99,136566,0,Artist 3,2008-11-10,0.05276525785960262,0.8596453453526065,7,-17.86050123481759,0,0.12851566844411644,0.775160928528937,0.36243141118777067,0.378849611922189,0.7930720333234574,79.09119153917379
track_404,Song 404,69,258262,1,Artist 4,1967-10-03,0.6920112559466547,0.16881000578456418,3,-8.881844786649495,1,0.026158342323419848,0.8036351471536934,0.7376030960344221,0.17356068007281888,0.5465160450172301,142.51333132128434
track_405,Song 405,40,339679,1,Artist 5,1995-01-22,0.4579289944340279,0.8539428821418529,0,-38.60346522753683,1,0.6883307623326769,0.5316007490178934,0.5997190111102774,0.9128388581939751,0.42215516492748006,139.4865715673512
track_406,Song 406,53,158333,0,Artist 6,1997-06-14,0.2265216260361057,0.013228812905293985,0,-44.316161006376305,0,0.6041306288565351,0.18678080716237067,0.17757200263161765,0.09255544586102826,0.618676709068865,195.94072570954987
track_407,Song 407,45,241929,0,Artist 7,1999-06-16,0.6139703063252326,0.5117804565694807,0,-3.2040856332996768,1,0.9358156241111459,0.4255633657183516,0.30373308908854535,0.7216883912281636,0.44381274098008083,183.67410818686312
track_408,Song 408,59,331977,0,Artist 8,1979-04-10,0.2528581182501112,0.7694425794215568,10,-16.421789977870922,0,0.23400528716036983,0.5494895735118204,0.3367926110821068,0.14049731486080164,0.24609912257631594,192.37746812744336
track_409,Song 409,59,209571,0,Artist 9,2021-08-10,0.5776317543444226,0.9347955174927833,0,-46.81907199745042,0,0.08438794789498705,0.6784192517137123,0.567828111172316,0.3893868546676922,0.6791974553522796,75.90433172635714
track_410,Song 410,56,240263,1,Artist 10,1994-04-12,0.35920874698269034,0.909202136206487,4,-33.0549964394332,0,0.25921533377198647,0.6077091118319272,0.8315982964410764,0.41155574654502736,0.873243945741321,181.54078121558643
track_411,Song 411,30,252661,1,Artist 11,2007-08-09,0.823552226611819,0.8196248695476449,3,-12.212893827731435,1,0.01892764051146345,0.39397782891724353,0.9324917797776798,0.15875791511208337,0.3728703306808605,78.07269264196283
track_412,Song 412,83,145235,1,Artist 12,2021-08-01,0.8206961607667793,0.8881913496613041,8,-27.176220544893475,1,0.035892751188932426,0.26531310699584143,0.750092412853639,0.922681434006612,0.8415384676913369,148.61050499615845
track_413,Song 413,23,120159,0,Artist 13,1984-05-05,0.4773503981224013,0.1992196858370765,2,-21.002874110046655,1,0.9148578059207596,0.1682308432036831,0.8429503901768098,0.0026681680092862647,0.43108204648349047,160.8109424949203
track_414,Song 414,88,263217,1,Artist 14,1994-04-20,0.3508191093350156,0.28418429571172876,6,-14.773907877296857,1,0.3520165825018783,0.6938453862722663,0.4700959584515161,0.8938085432166306,0.401335943099426,82.51948974090001
track_415,Song 415,35,331981,0,Artist 15,1984-12-08,0.36255979655909454,0.2889685249210585,10,-22.679448671461166,0,0.41080900100968065,0.645398674312485,0.3897753196222874,0.8838293234754855,0.028324357547027668,148.57231263013557
track_416,Song 416,84,282993,0,Artist 16,1988-02-11,0.8057145256682179,0.3770539310016988,7,-27.595240684668255,1,0.01837165453810441,0.6873724657578066,0.39270853214421697,0.3169636536980016,0.6952789013674103,67.34446900767917
track_417,Song 417,29,224859,0,Artist 17,1977-11-12,0.328179482797612,0.3933206703851887,5,-15.023142936733592,0,0.2705217801718466,0.37252745280279487,0.6160385283399571,0.7042842698792755,0.8075025251138229,101.05725200399623
track_418,Song 418,23,267309,0,Artist 18,2023-03-01,0.20905937370684602,0.5445553246546755,11,-16.34621787406796,1,0.804725983741431,0.262407822570745,0.12423670555580901,0.2528089112983155,0.663556919558561,188.96218915077634
track_419,Song 419,29,227507,0,Artist 19,2005-03-25,0.08468834187530683,0.15987976336644139,9,-22.207655989009268,1,0.6154909596667192,0.7597213286809253,0.5794941827902612,0.7587735622539384,0.1513609513919435,84.04236280626168
track_420,Song 420,85,259316,1,Artist 20,1977-04-22,0.4666931208844084,0.6912466637859893,0,-38.41263519708423,1,0.7537806010864153,0.7736473950553341,0.6651328601837255,0.5611197417877434,0.10329346755264313,69.13779894304585
track_421,Song 421,91,134743,1,Artist 21,1961-04-20,0.4821320989198419,0.1675665393045065,7,-35.651274467983704,1,0.44721374079378506,0.4556163739668406,0.4389087402062388,0.30022545424765834,0.5728587516185395,122.11494795176432
track_422,Song 422,6,348174,0,Artist 22,2013-10-28,0.8409087104029072,0.31030848210454753,9,-1.7736870669541531,1,0.30972922175133,0.6119040847673242,0.9531671767711674,0.4002347536376546,0.4015162541846019,179.08654919381803
track_423,Song 423,34,166101,1,Artist 23,1994-11-25,0.22123869644606398,0.503345130606154,2,-53.25684406250845,0,0.4828100933283703,0.3735196642317412,0.6082132723795752,0.6898887322384035,0.4290977834855896,70.7341334755606
track_424,Song 424,54,241534,0,Artist 24,1975-11-11,0.3809912736683999,0.7964405615234773,7,-43.88970496482988,1,0.32307106840575117,0.7019472001198067,0.2199994722366252,0.906097449643783,0.9678002467430077,109.7749511322572
track_425,Song 425,91,204227,0,Artist 25,2020-05-05,0.8084057388936909,0.7394692332387273,11,-30.45589444773986,1,0.838971096674068,0.8357215966478713,0.47921625743351626,0.13072651656727463,0.7239226711930654,185.96847683830566
track_426,Song 426,13,350604,0,Artist 26,2000-04-15,0.8236236107489735,0.6455343564105223,3,-9.796218831372848,1,0.2976737155928457,0.6882332773356494,0.675404437135294,0.5713639696691571,0.4117877392077567,76.5417769922236
track_427,Song 427,9,307450,1,Artist 27,1995-11-05,0.3846110759787682,0.15577326058017016,7,-50.179460176216324,1,0.6597636404530838,0.5125826268471365,0.323629124580479,0.25372919945711747,0.01909927984171489,103.49359082767253
track_428,Song 428,79,191126,0,Artist 28,1992-10-12,0.4591240232866809,0.5470453456155777,10,-43.382722912523406,0,0.13698222230952783,0.4586579594923703,0.07964160628902317,0.8013722498754592,0.03409569785327027,168.97888561499855
track_429,Song 429,15,176071,0,Artist 29,1963-08-05,0.3032858908492829,0.08744650179988545,0,-56.05210693228566,1,0.6868664937349099,0.6423196509757443,0.583435634710885,0.07023730586948107,0.6848036956458562,136.04953819943262
track_430,Song 430,53,322193,1,Artist 30,1992-06-17,0.9325548784193121,0.37736317679665077,2,-17.640884036950894,0,0.9132997116000338,0.6798108916013302,0.94787016861968,0.6889557901711698,0.8377387595177639,176.52663968870164
track_431,Song 431,94,194763,1,Artist 31,1973-06-17,0.11864376574158031,0.41351653028995916,5,-45.70743387146303,1,0.6085831546399083,0.558729443524539,0.48507198556317377,0.1749460136910298,0.7077026295496838,75.62335502683177
track_432,Song 432,88,344886,1,Artist 32,1980-08-24,0.93374942300147,0.03981143944575383,8,-36.679514959742974,0,0.5598553800344772,0.624942275107395,0.9061090806470379,0.5963854184032292,0.4058877526047254,188.87758399316118
track_433,Song 433,76,355422,0,Artist 33,2007-07-12,0.6838664518353432,0.2739880994699718,1,-33.37791317821993,0,0.9611182680216402,0.09658868249453223,0.835023588371694,0.835692587192692,0.031135737930569563,190.88765123212923
track_434,Song 434,69,263309,0,Artist 34,1979-10-24,0.5315721526867312,0.9556494672664894,10,-6.5211638636126565,0,0.6273965553158464,0.9517655161423267,0.14741278363398336,0.7550806621216796,0.9674016302352297,81.7438228205389
track_435,Song 435,43,266721,1,Artist 35,2015-11-28,0.032659060784495875,0.9536326078296895,0,-35.32018258012579,0,0.2595504332730826,0.790773063732034,0.7081699218355708,0.7529428876836373,0.9863360621580867,64.74256501694501
track_436,Song 436,72,288785,0,Artist 36,2023-12-15,0.4755961918220083,0.3523270542525393,9,-51.28649880508506,0,0.2923910238477404,0.3739278697067838,0.43546552507197844,0.5178453121869052,0.5493645514442687,198.57779347377962
track_437,Song 437,44,324535,1,Artist 37,1967-10-15,0.4077481050027323,0.043100108948324056,2,-28.54110369959274,1,0.7053066425359272,0.56281261095363,0.2502463252629369,0.8907455918497214,0.07067096469510559,127.51522292233942
track_438,Song 438,99,296481,1,Artist 38,1966-08-06,0.16121881197512256,0.17909493932818155,3,-2.2225203210822215,0,0.7354365938921863,0.04732453013642135,0.686938355666703,0.5881051982419979,0.5409725059144669,140.09055656496037
track_439,Song 439,55,299838,0,Artist 39,1962-02-12,0.6564096035006569,0.39221779343354013,10,-23.538861536951337,1,0.3034962317890152,0.04122781399906039,0.7426607186564214,0.9175179685495706,0.8923384702208084,146.22666271332068
track_440,Song 440,83,166154,0,Artist 40,1976-09-27,0.9711509073682858,0.9477796979692298,4,-0.9967667723656461,0,0.3453439779263302,0.2507983351119627,0.1798963187348388,0.5465224578324176,0.6799855101282135,170.5535847892704
track_441,Song 441,81,127016,1,Artist 41,2023-01-20,0.5621888110645251,0.14119906353718492,2,-9.533561463667795,0,0.991056508739087,0.6897016423646233,0.9144446820562084,0.505965563020003,0.7199892310327243,173.6783156664285
track_442,Song 442,56,330635,1,Artist 42,1992-08-18,0.7147532764439458,0.7635158436682122,9,-57.84205462719523,1,0.10195254958027744,0.8521477478000117,0.751147243951441,0.22235301921031447,0.08496983743224928,87.14953140476834
track_443,Song 443,20,299760,1,Artist 43,2007-12-14,0.06845045256601678,0.10868253937469208,10,-20.496024277377487,0,0.4046450284400993,0.5591858799798484,0.9333754991419687,0.544786654030205,0.10651163703180144,93.12914368869372
track_444,Song 444,67,209678,1,Artist 44,1971-11-02,0.41766699581699473,0.9812575773912768,1,-42.793987346526976,0,0.062447531197507455,0.5321327395823524,0.317073218763691,0.14058483124889698,0.12734877637588526,182.7566240524921
track_445,Song 445,49,232056,0,Artist 45,2018-12-09,0.11635848516449587,0.381616499109135,1,-26.422988661316566,0,0.821078361998241,0.40230953379146595,0.9393350157429868,0.8696902012595454,0.9043768336609926,174.7324646650821
track_446,Song 446,32,174238,1,Artist 46,2010-12-05,0.6127958355365104,0.775234538899056,6,-43.23928854412641,0,0.09234583894543225,0.16159795595802118,0.36851765783838086,0.6758918887082934,0.5258496362638133,146.46671341755376
track_447,Song 447,90,178608,1,Artist 47,1981-04-20,0.9384821582141546,0.3425910828111318,8,-39.06777500368258,1,0.6740073564627111,0.11835410132658752,0.05396976142739174,0.9936354484929419,0.7915750963929912,199.25788227747896
track_448,Song 448,6,209081,1,Artist 48,2014-04-26,0.6617777324716385,0.6276688771588087,9,-4.609877294749239,0,0.05648342400348205,0.760679761220966,0.7629693887090233,0.0920974277905231,0.11529125988360023,162.9257520971853
track_449,Song 449,69,282969,0,Artist 49,1981-05-01,0.07680304831442153,0.19201608474003673,1,-47.60140890649768,0,0.6728550378096911,0.9275035512965756,0.7035081440883408,0.24067274984528686,0.927642705508595,90.21714753823484
track_450,Song 450,14,170961,0,Artist 50,2005-08-23,0.35466620498508283,0.14602101929696254,6,-7.553452918450169,1,0.8430369469277033,0.4582832163862731,0.5979109922633324,0.8771586042661392,0.8211420914972102,178.53016900657497
track_451,Song 451,81,319775,1,Artist 51,1989-05-03,0.5506633794408515,0.9380641395681313,6,-58.17253151577019,1,0.39882152692405737,0.6594456587156382,0.489893744384174,0.3952540997689177,0.2247641447753561,118.0625690918196
track_452,Song 452,31,295829,0,Artist 52,1997-08-06,0.4032077561332522,0.9176472779044335,10,-54.5474076978211,0,0.5221264934321769,0.9144576508809412,0.03216527032263139,0.46630298998189756,0.8741822332939535,65.06137247578049
track_453,Song 453,74,146917,0,Artist 53,1997-10-05,0.8336440104751723,0.8874689402128824,6,-8.719497516944188,0,0.4015417380052825,0.09011363293414454,0.6245972515201543,0.8606518873876169,0.2634427593968093,104.99897889363389
track_454,Song 454,19,273808,0,Artist 54,2004-01-21,0.8146710047099892,0.6254334501665935,2,-22.16663814544828,1,0.3004887586326389,0.7704814531190298,0.41683461522279364,0.5218232249499523,0.2053398793390565,166.89717276831394
track_455,Song 455,87,147990,1,Artist 55,2010-12-27,0.6118310201032214,0.8082682112162782,11,-15.165831717626986,0,0.8032634006271282,0.6168168843755751,0.560209402740945,0.19347584941436813,0.26424393681221237,194.42886900610625
track_456,Song 456,14,182551,1,Artist 56,2013-10-05,0.37345794513270525,0.06903693691137491,6,-47.43493975068874,1,0.2720025737309897,0.5986371788298613,0.42932134196763627,0.8920301154097809,0.9099550632726093,98.65909828244713
track_457,Song 457,47,309233,0,Artist 57,1967-09-01,0.25533637376324414,0.33478904189067915,0,-27.77499266459379,0,0.722943424389447,0.2925404284815698,0.966056132765199,0.03106165642303349,0.9155919855148695,94.5122854173601
track_458,Song 458,70,330695,1,Artist 58,1986-06-17,0.10587431821312931,0.3137031247571562,9,-15.766846585721716,1,0.20619707925520225,0.6838933547776769,0.6041089011508471,0.8953962676434433,0.3289957746879688,138.906321983762
track_459,Song 459,20,273512,1,Artist 59,1986-03-19,0.35489768348655404,0.6356453219526133,0,-22.36115177938425,1,0.24985379607832958,0.7947977548207765,0.7492363306024672,0.05052022667233469,0.7054341850945512,173.63574595274255
track_460,Song 460,41,286277,0,Artist 60,1993-08-14,0.4131725172077195,0.3559577734706405,4,-31.69807398652743,1,0.33646116257721226,0.11285816494369716,0.9363469474710833,0.6658493646001281,0.6757452551641833,164.51359550253252
track_461,Song 461,25,200811,0,Artist 61,1980-09-12,0.6758229251040736,0.1485067816436808,1,-2.412972813737113,0,0.5891563773937882,0.5335214309809838,0.5915993229167397,0.07167937967533466,0.8065626321304032,138.3942463587943
track_462,Song 462,13,175103,1,Artist 62,1989-06-10,0.6581598242975735,0.5964670754135437,8,-19.430559992793285,0,0.4544223191595411,0.10126518098740966,0.012062517822400753,0.7062129859650655,0.29650950014213107,148.394555426027
track_463,Song 463,56,321884,0,Artist 63,1992-11-20,0.07010813964125695,0.8143839206690815,6,-5.53495198552573,0,0.7451448098278204,0.8725740192976446,0.03429167831054236,0.03397132133295089,0.5101385419104019,93.89385402568817
track_464,Song 464,36,292699,1,Artist 64,1987-07-21,0.3952593154311578,0.3821234944599732,3,-16.213769305579127,0,0.2135673003361923,0.5076367226563473,0.7023384341018618,0.8424577277107875,0.6676739510082869,120.56039710046909
track_465,Song 465,57,226122,1,Artist 65,2006-01-18,0.18177886721736192,0.1322687150984817,3,-15.872188284139014,1,0.010672287848834117,0.8079656892607574,0.2790851361512835,0.46594395092998475,0.026256818809906046,95.75118771284198
track_466,Song 466,20,354104,0,Artist 66,2023-05-24,0.1568127053168057,0.19668819731282305,1,-55.198903814539236,1,0.77655747178522,0.36808563766621427,0.5793797273479487,0.09345391266887793,0.37673874533095464,183.81851647824928
track_467,Song 467,81,139008,1,Artist 67,1992-05-27,0.8273021497372459,0.23748330516938398,4,-38.432122688763386,1,0.8216493338800724,0.1250782268163254,0.20227718109066894,0.7068194450101439,0.6958883576785689,75.75763103117221
track_468,Song 468,68,322346,1,Artist 68,1964-10-11,0.04191521671625753,0.2998975929945362,3,-8.497835596820494,0,0.05948016310838955,0.04149930438571148,0.27024887506171413,0.4892901575037625,0.2525950931191334,155.1636780998919
track_469,Song 469,2,152402,0,Artist 69,2019-04-02,0.41918287590212133,0.6427950705063091,11,-46.04376827107464,0,0.6109075221583965,0.2815096207723755,0.5046410559480753,0.19094885887544288,0.9577041070064872,96.43964760310328
track_470,Song 470,86,304456,0,Artist 70,2020-06-25,0.1682036557665182,0.600945484537719,0,-53.06964803061203,0,0.37820678387307793,0.24423370036407854,0.9755694633560821,0.015672373888725777,0.030161371506838952,126.58083736058529
track_471,Song 471,89,256865,0,Artist 71,2007-07-18,0.879330215678474,0.6960798615670392,11,-40.43363660167239,1,0.7938956551945168,0.5603519740199618,0.6162704892091916,0.41799825972553717,0.9580871875874228,101.91778923452858
track_472,Song 472,36,353899,1,Artist 72,1978-09-25,0.5570405132750351,0.36250198453151317,7,-46.77372690644316,0,0.8744145541964785,0.021738838063707355,0.9361481045130232,0.08562923072853557,0.21676386801040004,105.25434438832603
track_473,Song 473,87,256643,0,Artist 73,1963-01-07,0.23138063637684803,0.8239976518799783,2,-4.4827083124106935,0,0.8510037667972491,0.5205705442991734,0.9593798543869475,0.0941696982472372,0.048822041925369986,96.45502190554308
track_474,Song 474,48,347939,0,Artist 74,1994-06-24,0.5024272871663764,0.20408766115576027,5,-7.922001479872129,1,0.7772042473508521,0.39177174201200315,0.20810999642050743,0.26732954836267686,0.2924740332235575,165.39100896736142
track_475,Song 475,18,267281,0,Artist 75,2023-07-15,0.7314863597031158,0.46904074751815394,3,-30.01900618302575,1,0.26905222874216295,0.5771222699144422,0.31119360246894445,0.6304582972424243,0.7862823072902253,111.2002200050666
track_476,Song 476,88,233550,0,Artist 76,2008-03-11,0.9581180089194338,0.8009387215414303,8,-56.31936753096792,0,0.8118896435683167,0.7024175281503646,0.7699922812187041,0.5299106085609492,0.7524420064480531,161.68998247997158
track_477,Song 477,84,342002,1,Artist 77,2023-08-18,0.22044600424541894,0.18015864773261925,6,-17.126259234410625,1,0.5334784759062927,0.634091945079839,0.8667640022913439,0.0689873082586806,0.20884041642279205,123.84979021456178
track_478,Song 478,11,294220,1,Artist 78,1976-05-23,0.8861817721293451,0.10986311374078295,8,-22.595296119824127,0,0.05275661483209082,0.9846443693733663,0.5192267441895277,0.9684312758924698,0.19679013359179942,136.61444589404022
track_479,Song 479,60,211218,0,Artist 79,2003-09-12,0.9343041141674903,0.8836839676879897,9,-1.7667197562902501,1,0.45693884989824896,0.13826534387687106,0.9932260672805492,0.8871686882945911,0.6425799158045408,136.06024659988822
track_480,Song 480,40,253296,1,Artist 80,1987-05-06,0.9164205445320662,0.3429296627591959,2,-26.46280558377738,1,0.9421579170299933,0.4297370089297785,0.011572198755270269,0.25922548714515825,0.4580826896757305,196.61929110810243
track_481,Song 481,32,357765,0,Artist 81,1989-09-20,0.6354143568619098,0.683870124909032,0,-39.81637659582543,1,0.8878593497355527,0.42483073664331117,0.29959265558521564,0.12233857596214126,0.7922899533309022,111.38874379953316
track_482,Song 482,49,299767,0,Artist 82,1988-10-23,0.6298206544347077,0.02534860426393848,4,-28.858698385286655,0,0.10226428099711604,0.41705320370292065,0.6231617537445798,0.9424028647569902,0.02413277869255359,89.07577335566366
track_483,Song 483,67,240779,1,Artist 83,2005-04-13,0.4032106331838228,0.6900468884094496,2,-1.2442025157290217,0,0.7441266857143702,0.6637983920426683,0.46928991093748285,0.4611417778806999,0.6104118607605711,187.6508716513243
track_484,Song 484,70,249714,1,Artist 84,2012-09-20,0.7523978823037879,0.3161013115469705,5,-18.218254048018167,0,0.8057928659582347,0.48982806054672245,0.11660296642880075,0.3111669647714358,0.7306720122398759,84.47750050418026
track_485,Song 485,85,152441,0,Artist 85,1965-05-16,0.5312940183509319,0.05574085358744174,7,-19.681431724376935,1,0.2713881882367648,0.5174325598129631,0.3677870854805636,0.4903580351651874,0.993386112028669,176.81919841820826
track_486,Song 486,32,358038,0,Artist 86,1994-10-18,0.6774380712282945,0.609812761548117,10,-45.559104616446874,1,0.4716085707410923,0.4323559921467647,0.025447143295039054,0.7727441445464122,0.6787816942368469,81.03008536536962
track_487,Song 487,80,290201,1,Artist 87,2019-09-10,0.42845790384879545,0.24080381607317325,3,-15.383848946362939,1,0.7109879414636829,0.9916994610185625,0.6427460460752794,0.1683852983030545,0.2318451565499663,152.2214067918369
track_488,Song 488,23,351324,0,Artist 88,2000-03-28,0.7314964640431391,0.38680724205188,4,-14.983690231693693,1,0.4390414888211479,0.9275613488190422,0.8927425429963552,0.7674958335093072,0.10818619488003878,81.07571385703505
track_489,Song 489,60,182368,1,Artist 89,1996-04-23,0.8244715176045491,0.08058081228651359,4,-40.96266097344568,0,0.11279691886657695,0.30772418936437096,0.8848741237834589,0.7494467879338654,0.6409167746440754,189.2320146935201
track_490,Song 490,60,212122,0,Artist 90,1983-09-08,0.14643625660281612,0.14716325109494532,3,-30.97717005655721,0,0.7058824446817216,0.11159392476666719,0.6995444737655465,0.5393482048408798,0.523183067518216,139.10115957139635
track_491,Song 491,97,164760,0,Artist 91,1988-10-18,0.832929715574228,0.29797723549584376,3,-42.32380002357264,0,0.9116386897353035,0.8397647240386029,0.46577019549792753,0.8658422887495817,0.8991452884450164,106.09833747961227
track_492,Song 492,27,143478,1,Artist 92,2008-11-21,0.5402965317903072,0.08975950056015713,3,-44.4776957805428,1,0.6524847284061576,0.9971702514257245,0.5120316186914897,0.13214337816986055,0.726608021181275,79.6451884949033
track_493,Song 493,57,247881,1,Artist 93,2005-06-01,0.8446659090902243,0.9108262646863152,3,-58.44623578503089,1,0.7738007485690339,0.2926088940396455,0.1369188239956629,0.5954790066656731,0.5097424500426206,111.96691306043915
track_494,Song 494,42,191854,1,Artist 94,2012-02-23,0.4313017063410146,0.006047043183978418,3,-42.88729532080008,0,0.3583625356578285,0.35778492584176624,0.34101709311920303,0.4493430525018216,0.4035894707651476,158.70280488163365
track_495,Song 495,40,214230,1,Artist 95,1990-07-08,0.37904048538303503,0.4838602188643114,4,-26.761803007303506,1,0.18319824512663485,0.9416331814852029,0.18772807549827364,0.4222921128358317,0.4043746995708203,113.8931237499966
track_496,Song 496,38,205716,1,Artist 96,1994-02-06,0.9150607325172224,0.12324745813255145,1,-59.90392874705827,0,0.6427736616182925,0.7111295180030899,0.8212002033499546,0.25256107126952543,0.22630428615123455,94.45317905336216
track_497,Song 497,85,263252,1,Artist 97,2019-11-05,0.2511692675484013,0.30767908947794853,1,-43.006854971419955,1,0.3277712058412189,0.29563833177963617,0.9147539013379598,0.37227965680990804,0.017325971755697056,140.83732276113443
track_498,Song 498,48,218538,1,Artist 98,1992-02-15,0.8442123252861431,0.9260595598182655,8,-7.115380060604998,1,0.8600735189897928,0.5810464912839151,0.536923261420117,0.10815075602366575,0.5749105882071062,118.49505939719674
track_499,Song 499,16,135372,0,Artist 99,2011-11-22,0.4840205725094041,0.16169455327398685,1,-24.381084893558352,0,0.12262804997800658,0.9442295793642561,0.7277640405129441,0.2515989697648252,0.2124147325232152,83.21287304424092
track_500,Song 500,97,149796,0,Artist 0,2022-01-15,0.5140954425512597,0.9658323197183326,5,-23.52823055514117,0,0.4334636997331237,0.8118131069457786,0.12146477090712748,0.2719651077780826,0.20832691772804146,81.55831863884396
track_501,Song 501,69,309344,0,Artist 1,2020-11-02,0.308468281489484,0.2057943769894217,1,-35.7981416984188,1,0.39672760046838584,0.7418327137286597,0.6085346432772384,0.7206678674601394,0.1253812286764805,159.04467863105967
track_502,Song 502,69,341035,1,Artist 2,1980-11-01,0.5730422006190157,0.7415661084668296,4,-19.41167139045534,0,0.9380538535539297,0.7369963117270224,0.702791021377846,0.048550427208863156,0.18959549017669275,196.4540653722759
track_503,Song 503,97,218826,1,Artist 3,1991-12-23,0.3252111962762113,0.5466772648973117,3,-48.604034026178454,0,0.15313480060440388,0.17802032429227033,0.4527681295114008,0.6511923081508607,0.031789149555137675,92.63316992068789
track_504,Song 504,64,240592,1,Artist 4,1982-11-23,0.03926941424165231,0.8844787275967592,11,-10.8751913769485,1,0.009846825012010951,0.8246812392279365,0.24327308447069862,0.22140990979318986,0.674231449748532,168.24080411640858
track_505,Song 505,73,213635,0,Artist 5,1992-03-26,0.27199860534435605,0.5539932555031309,6,-52.998652803846014,1,0.23808521280711759,0.27611863244345813,0.8773745205413914,0.08186150591629393,0.40139711631269426,72.26493834306513
track_506,Song 506,84,231022,1,Artist 6,2023-06-11,0.006379043406590679,0.5345592191563087,6,-20.63991872081344,1,0.8202768597686545,0.9303666579015295,0.7429087199537224,0.3008061610854341,0.5615245987731451,113.42062866730544
track_507,Song 507,4,174040,1,Artist 7,1962-08-10,0.9783547870568566,0.1954580003683999,5,-39.53104045081902,0,0.20932181604701705,0.36463999101378297,0.899857281849195,0.22447286942860278,0.6369576180207995,130.93634139315597
track_508,Song 508,1,195357,0,Artist 8,2023-09-18,0.9657472098197475,0.16622936205165872,9,-15.149221765051394,1,0.2408780637054827,0.8576603970422565,0.8184026474978234,0.55203237583985,0.9724845622761592,97.62457234056757
track_509,Song 509,21,322440,1,Artist 9,1977-07-18,0.39515529747230504,0.9164891511155142,4,-27.0141269240388,1,0.1298988045368108,0.26623349451780143,0.9903744295788626,0.3573764034479624,0.06826586585550098,134.14097831199507
track_510,Song 510,56,198356,0,Artist 10,1984-04-17,0.728370854339646,0.32783819885003407,0,-32.858817691277025,1,0.7154362032765404,0.5145269365822405,0.19217273321444894,0.9659937424083261,0.417917684831438,183.56601987293962
track_511,Song 511,65,136211,0,Artist 11,2001-06-26,0.345806098410425,0.37208225496289593,11,-49.83465587440518,1,0.06917419050541718,0.10688529548906056,0.08674776780397409,0.9635495993908506,0.24589793352648104,192.2213147296991
track_512,Song 512,73,225426,1,Artist 12,1990-05-08,0.671093157085976,0.7598236584283884,2,-21.79071214293883,1,0.3312083023285216,0.660118902996174,0.3370027913372585,0.4437152691202395,0.47671193185681415,74.07797361222693
track_513,Song 513,97,125842,1,Artist 13,2013-08-15,0.8054300430459791,0.33882348242280735,8,-1.5138093947752154,0,0.28249872662096454,0.8360792751668383,0.1290041750232589,0.7950874606602596,0.9204723006138882,98.05843075778833
track_514,Song 514,15,314187,1,Artist 14,2017-01-08,0.9467562446922407,0.9520624466390027,0,-10.463794505579102,1,0.5551597297901548,0.7184472813024161,0.5231301129062244,0.013268540860875033,0.7239842652481513,197.07874845248148
track_515,Song 515,50,186852,0,Artist 15,1962-01-17,0.400212275849672,0.7379277689988003,4,-56.39950844465929,1,0.7304162650197356,0.5232585129386573,0.6330289054077425,0.5478115847248026,0.6619495864798933,97.85857745631412
track_516,Song 516,38,245737,0,Artist 16,1999-11-12,0.7832979829560477,0.59742924257342,1,-37.42623729832853,0,0.5328764346967474,0.04511587860145949,0.5782886151734037,0.7432991723069791,0.4412458764311774,156.97902916008175
track_517,Song 517,85,165968,0,Artist 17,2005-06-27,0.2659284506321188,0.8808951605447525,3,-4.465019448583689,1,0.9310259929750676,0.9334410071708584,0.25924013539027013,0.2169432254073359,0.6711124983744359,95.48351714185105
track_518,Song 518,75,137508,1,Artist 18,1983-10-08,0.9903323037936483,0.04960590834948275,10,-29.817375146578716,1,0.9514426388873319,0.7054895485786347,0.9088240309687968,0.06117175516594375,0.03237537727440809,109.89118306494535
track_519,Song 519,87,273077,1,Artist 19,2009-12-25,0.025769598764351143,0.25706269218920874,0,-20.273290451509247,0,0.3614653284985154,0.745864238365333,0.021172363735378452,0.1559189359064559,0.5862386720298944,86.77905830556564
track_520,Song 520,39,174575,1,Artist 20,1991-02-14,0.603528806501121,0.46503633422090995,2,-5.244039264516573,1,0.7776803762748927,0.7946805755108072,0.34801335376349296,0.44184808717385704,0.5537765625992482,179.88202711760033
track_521,Song 521,37,331814,1,Artist 21,2006-05-04,0.6595059816513271,0.22697853947152102,9,-7.572318574807163,0,0.7388013832681897,0.7477434259276107,0.718992475398061,0.506371420756262,0.34664043196319283,183.57082693473058
track_522,Song 522,59,270043,0,Artist 22,1981-01-01,0.6880455570741288,0.7439051873021519,6,-29.890777467569343,1,0.8929645917048273,0.44111616409833365,0.7669289263491594,0.38088512210876846,0.2015141254241084,101.56775110816042
track_523,Song 523,58,276671,0,Artist 23,1982-07-01,0.12038757878908901,0.9192080310537252,9,-33.74122184054387,0,0.4479436402077033,0.7336218292879468,0.4161185444318599,0.43997376704238,0.807555550999301,175.3025753838882
track_524,Song 524,9,338664,0,Artist 24,1961-01-19,0.9385297834731304,0.4237701199309234,2,-39.618442891224774,0,0.5304731871977922,0.6250267878103289,0.01690981325636709,0.4702349596092813,0.05386211445509648,110.15383100517776
track_525,Song 525,98,186914,0,Artist 25,2022-04-16,0.1811832790500828,0.34213260011189495,3,-16.85883341022653,1,0.415774313581574,0.8540163336687865,0.6180436791237374,0.7694366616010963,0.06967286442358778,73.86271920532216
track_526,Song 526,63,187055,1,Artist 26,1986-09-14,0.6227534032398411,0.9615507321375663,1,-42.780792031707406,0,0.8503769192997056,0.8024598153373704,0.0630946811832157,0.10524189807765238,0.44052174398414656,166.13069562089026
track_527,Song 527,62,207697,1,Artist 27,2001-01-21,0.22267607912308496,0.44485243282754083,2,-45.00674361414599,0,0.22970231536213437,0.041374382467259885,0.1078557761535145,0.768950467159396,0.25255454740860506,143.50247484583826
track_528,Song 528,48,226239,1,Artist 28,1961-04-16,0.3072164170212709,0.4890484004492832,8,-38.62500632377319,1,0.2397090782424447,0.37888709033260526,0.65025071964619,0.6886273022949981,0.7454524135070204,98.41354211390505
track_529,Song 529,63,355469,0,Artist 29,1985-06-05,0.5464585417281244,0.35164987234190537,2,-49.36709658727248,1,0.37260510357707977,0.034716152183894566,0.3124883261428548,0.7416608094763181,0.634190076921191,95.41996367165859
track_530,Song 530,31,243106,0,Artist 30,1976-06-09,0.4171934185645765,0.9095484730121384,10,-18.292811043253963,0,0.23034283210235118,0.10207492476609792,0.3480301527082529,0.7344683858753228,0.7725347961266315,196.58727186752498
track_531,Song 531,6,125355,1,Artist 31,1999-12-26,0.1602256009765063,0.5689554832818507,4,-23.02556104016326,1,0.5610068364149208,0.6014107220036113,0.48680707698324344,0.47059181580178366,0.3246789563378011,180.75014572503278
track_532,Song 532,20,174120,1,Artist 32,1992-08-28,0.1709364024208483,0.7621745871816447,1,-31.027287953049385,0,0.1344901064955023,0.8738218211622534,0.9785783948593739,0.21140018456090004,0.7405189396178674,173.37176611232707
track_533,Song 533,19,325691,0,Artist 33,1968-01-02,0.41814478816279965,0.8118067183508864,3,-36.580453244306725,0,0.32018621940405534,0.11982475870926723,0.9654422207387104,0.536628904301804,0.8623032360263989,77.92247920983318
track_534,Song 534,25,158342,1,Artist 34,2002-07-18,0.7572829782755007,0.3418490419172582,11,-5.456247426196107,1,0.91344469847559,0.4510892874668315,0.4162609993600751,0.9579820536090996,0.3452744944185717,165.72621839475647
track_535,Song 535,67,337064,0,Artist 35,2013-01-06,0.8979646468477885,0.43369433132038004,6,-58.25257290065368,1,0.40922548019179594,0.9108789048064437,0.2654992172182822,0.5885256813933637,0.33989582116183337,90.03563096846011
track_536,Song 536,85,329932,0,Artist 36,2007-07-09,0.08412766225938284,0.8484717744062646,6,-13.853535389562047,0,0.7482337164935092,0.8143009836715878,0.30259215266411577,0.01104714521277761,0.8999514039064263,196.8344520491537
track_537,Song 537,14,122257,0,Artist 37,1998-03-01,0.39310390755940106,0.36325535167581025,11,-5.885425695066672,1,0.11346219170657401,0.5196678964659299,0.2687812981616041,0.059710904876390636,0.04979025318770913,67.29248631471607
track_538,Song 538,84,147364,1,Artist 38,1988-11-09,0.10024556372287663,0.7939351334518513,2,-33.21872523420444,1,0.24756450814178466,0.771571439328831,0.5322458071417807,0.9928634336035523,0.35018940573084434,109.2993876984341
track_539,Song 539,78,276044,1,Artist 39,2001-08-25,0.016592480632597884,0.9409923225744371,4,-26.958570511761195,0,0.8073456212003686,0.522693774044537,0.6068598078009285,0.07194635923944037,0.11867249207180408,120.01069770902012
track_540,Song 540,85,231715,0,Artist 40,2014-03-16,0.6617186826439566,0.623210373068007,0,-3.332178727077725,0,0.7629929362896941,0.15809233728284877,0.48877938822966605,0.04604516004489856,0.028980590249976235,175.38840761871563
track_541,Song 541,91,146654,1,Artist 41,1985-01-13,0.6024494419665878,0.7416272874518889,9,-47.263349082869134,0,0.38615591859382115,0.1247361132216791,0.40799436224815233,0.3530242693586554,0.11286941764682212,167.27119452056644
track_542,Song 542,13,331841,0,Artist 42,1994-08-09,0.1630191138148862,0.8050973120411349,9,-28.791909132918907,0,0.9543969020334743,0.18836823206706976,0.21128503756993777,0.9693172032693367,0.43124579118027695,112.49890029252255
track_543,Song 543,26,201423,0,Artist 43,2009-03-21,0.2338128330930641,0.8450396488966425,9,-31.516732372307224,0,0.9106430158345454,0.3509220949656795,0.48250559138211335,0.3186751537328657,0.6869560692277907,139.17844108412572
track_544,Song 544,39,149320,0,Artist 44,1984-02-13,0.02370775364451838,0.39505333785679597,10,-44.49644112777779,0,0.9623007491122398,0.9305292676740187,0.34110271380245805,0.40988413087527065,0.28928242444196295,176.98332290508225
track_545,Song 545,57,140808,0,Artist 45,1983-01-09,0.8349472056944037,0.05126345917599817,0,-10.88440617761352,1,0.4279146901877854,0.7996784136536014,0.5415954627983429,0.6340770612085656,0.8496753074011247,62.54794290114738
track_546,Song 546,27,172389,1,Artist 46,1972-03-11,0.9746905960485515,0.4018762712367395,4,-6.023964314205848,0,0.19747358368568302,0.4328015612263175,0.6751894155116239,0.02411183932639782,0.43761562873835,172.3049339334261
track_547,Song 547,25,346762,0,Artist 47,2019-02-04,0.1354595367946908,0.6737562297840898,9,-13.084045212707466,1,0.626658639091341,0.493076709787574,0.6333121744366106,0.897763577519188,0.9682280509617436,192.5654435478859
track_548,Song 548,62,238581,0,Artist 48,2017-02-02,0.23147521376529812,0.4503503857807928,8,-48.2784623490835,1,0.6847731582791985,0.26560945766641486,0.46249021040559335,0.5194430175544321,0.9541556694437,64.48903300778396
track_549,Song 549,65,247927,1,Artist 49,1966-06-06,0.868409523946934,0.7489631508603986,0,-54.795081869917105,0,0.12544178445052,0.7043529564721301,0.5560524242799609,0.46681090600405795,0.7732762226668151,66.38133819094557
track_550,Song 550,24,154773,0,Artist 50,2016-12-14,0.9264637979561848,0.3569824294686639,0,-23.673330881679462,1,0.7864830342959059,0.802765671462038,0.2848561309607597,0.8607266622066304,0.9324054961466182,108.23196077924281
track_551,Song 551,2,302240,0,Artist 51,1995-01-04,0.41962738280681033,0.6347441411040295,3,-56.57431436940696,0,0.018060219759960527,0.23890469566757655,0.024240259022389687,0.9530765893580212,0.7070960761611116,72.28773892747444
track_552,Song 552,71,278819,1,Artist 52,2004-02-06,0.050622472269074126,0.18641980485397458,3,-19.630446686514944,1,0.48272838747678337,0.04182162378646537,0.6250194541681041,0.42342523164683477,0.8955831899911814,127.09865124114435
track_553,Song 553,43,196396,1,Artist 53,1979-06-19,0.0393918336928194,0.7493694366449569,1,-28.17454678036544,0,0.3310162594948949,0.6238889431629704,0.25256855913768694,0.17244107929323071,0.2364737173663065,162.01949591256903
track_554,Song 554,96,359446,1,Artist 54,1960-03-06,0.5739498660690104,0.5456959688130258,8,-20.232856035380188,0,0.7403030598990841,0.5625121191353166,0.6689537100682745,0.8157092700020729,0.34542020017679864,139.36589290445448
track_555,Song 555,41,227692,0,Artist 55,1967-04-02,0.392895108893179,0.20406438854660058,8,-24.58975358101536,0,0.31276072742181593,0.4021311550288764,0.7470084995969594,0.4032604212224872,0.7529300660048616,87.50046727018365
track_556,Song 556,98,334764,1,Artist 56,2023-01-18,0.028652427577654516,0.29191117349780726,1,-34.637845828369635,0,0.8268071127810328,0.6438939417732101,0.9159277461037811,0.9355455395117661,0.4245612382065571,151.67358200425008
track_557,Song 557,5,177505,1,Artist 57,2005-08-13,0.5832523923125568,0.7486087085818324,8,-47.947369191586304,1,0.5949534887808106,0.5506132979851436,0.958122795479613,0.9498989838309829,0.8373274338245179,155.8796270850482
track_558,Song 558,38,205896,0,Artist 58,1975-07-09,0.011302536589022472,0.4826012356615207,5,-41.657871851370686,1,0.793893361762072,0.2505815765941928,0.010526046309701442,0.11482903172136949,0.8776388715877751,190.54243379590204
track_559,Song 559,51,138135,0,Artist 59,1973-07-23,0.787371958149273,0.2160314403930722,7,-28.529965546861412,1,0.9893406378396238,0.39772897562272236,0.9903742093546374,0.9565539673328513,0.29972948472092487,80.55156563278686
track_560,Song 560,22,210887,0,Artist 60,1971-03-19,0.3064328227033716,0.9672711903702976,9,-20.887914381143645,1,0.6791583457435568,0.4281135697472417,0.683018318494161,0.36827032544512095,0.8234508081895735,156.92706308736126
track_561,Song 561,88,242118,0,Artist 61,2010-10-13,0.0402580030092321,0.7151250198168879,3,-13.23101898692829,1,0.9849503163616441,0.8802479944755637,0.6435241603741892,0.6462525176571905,0.15426427106515006,187.59981063944065
track_562,Song 562,49,347107,0,Artist 62,1982-10-11,0.5883522209831533,0.9571348325397961,1,-13.96975689305635,0,0.028836326921705346,0.9609041541289595,0.015213095195355408,0.034750081734046034,0.33419671153684904,130.21898146488877
track_563,Song 563,42,167377,1,Artist 63,1974-03-01,0.3976844144330547,0.4271050453603432,1,-1.638675404334876,0,0.33813998848380844,0.8930013623964971,0.8612334118867375,0.8888842740838326,0.517964951121389,110.6519551808279
track_564,Song 564,18,274626,1,Artist 64,1987-02-24,0.9738004133571495,0.47510034069172047,8,-42.849513080195436,0,0.10785326456230915,0.7191780240519796,0.14549144724782637,0.6415973293448649,0.22644376210389217,83.90492919096215
track_565,Song 565,68,182491,1,Artist 65,1993-12-22,0.5441986625037022,0.8979552161850192,0,-55.733357507193794,0,0.26230493138443955,0.5849927336058218,0.837330153933041,0.6435544669564192,0.5792678295751993,181.35016410856608
track_566,Song 566,50,306693,0,Artist 66,1961-01-07,0.2752391810370083,0.5250493402453846,11,-39.26058386748844,0,0.8388878991257744,0.689261635465955,0.015562546258716003,0.9021761599774838,0.5786950787176466,115.19449247768321
track_567,Song 567,10,178283,0,Artist 67,1991-07-25,0.7094388646339748,0.7072789119056672,6,-15.402331486555397,1,0.03232326532609031,0.939109220732689,0.6459642624991613,0.5083471749073432,0.20690289485090574,189.4835420574769
track_568,Song 568,11,336212,0,Artist 68,1982-07-21,0.27149200254271133,0.25217287749552997,10,-33.71330093800229,0,0.5201829357323937,0.24999873522383176,0.4348015337698278,0.41051664036255053,0.7956413448854567,178.68616173830867
track_569,Song 569,73,136923,1,Artist 69,2022-12-15,0.9042432914075651,0.44672646870264054,2,-10.932694164634839,0,0.567128707532373,0.5351205076734049,0.20076672905933513,0.8661287522923162,0.6316444894114969,112.7295792516074
track_570,Song 570,7,167591,1,Artist 70,1981-02-01,0.37472197050737643,0.12344986581035511,2,-27.040418088839104,1,0.5611511466719561,0.6896080190004079,0.10756139177043411,0.7424205118713982,0.31776050682495427,140.34800325247676
track_571,Song 571,23,182261,0,Artist 71,2010-07-12,0.5498685627762052,0.20598003587696168,1,-4.212496642169818,1,0.4752970738232557,0.6792470013242746,0.44012769654632644,0.948975664964901,0.23218478347029192,63.804365081149
track_572,Song 572,91,174336,1,Artist 72,1984-08-26,0.05057310382422886,0.000943415267631087,9,-3.12819348005587,0,0.7906029647697553,0.25227895957683644,0.12330580532142477,0.9401218933105326,0.8787501388344935,96.85099640139886
track_573,Song 573,40,194083,0,Artist 73,2017-01-07,0.4261212379522308,0.03926505164866023,5,-55.84172963887508,0,0.13354308950555116,0.5867315273897519,0.4864466116910475,0.38232616456024027,0.8357422452246527,159.43819879969496
track_574,Song 574,35,180948,1,Artist 74,2022-09-15,0.832363539660995,0.9772838231769293,9,-32.61519361725454,1,0.3105770155507873,0.7959131424201564,0.6252170586528523,0.4469862901414179,0.22976067485552631,154.90753241847733
track_575,Song 575,100,284074,1,Artist 75,2021-07-21,0.8056488053633419,0.2423536951367623,1,-23.41865632502592,0,0.6157260534451727,0.47507898005024385,0.8273841936073582,0.25598495379077846,0.03560522651650877,109.47172433584515
track_576,Song 576,84,331170,1,Artist 76,2020-03-19,0.22431855885352625,0.663310709504002,9,-44.647647551267234,0,0.6909513662679558,0.793298076698735,0.6786494371828666,0.6606478891385676,0.8045325957431239,173.2051244673239
track_577,Song 577,71,324088,0,Artist 77,1981-08-28,0.22607907101056268,0.8390996987996115,3,-35.57539323726118,0,0.4041484317770563,0.3598825977545548,0.06519976670615046,0.36454197008888656,0.6155085552650431,93.01704726598196
track_578,Song 578,54,146672,1,Artist 78,2017-07-25,0.8173053122132368,0.5506604592365643,9,-19.3391075329381,1,0.8753712633272331,0.9387601271637589,0.3074325325478372,0.7861006466076711,0.1008820280534597,124.57787464131803
track_579,Song 579,8,124213,1,Artist 79,2017-11-01,0.9303984201693255,0.1531445000839562,8,-46.395946386098316,0,0.41549339669591434,0.533928440499101,0.2879786079325004,0.12155076073091053,0.5873582062188951,126.15428894352611
track_580,Song 580,46,261365,0,Artist 80,1981-08-17,0.09536092127300355,0.7281164373361664,8,-23.88111882153285,0,0.40277613434833315,0.5959479507926143,0.9150324234710843,0.11640285116574589,0.45218268536169426,107.71434764180239
track_581,Song 581,14,351049,1,Artist 81,2008-06-17,0.45005863942622526,0.600251410099583,5,-18.153130310141634,1,0.036207261487384956,0.0313615688045884,0.8677820443927635,0.2044553814193969,0.7745503274736916,193.6532541575234
track_582,Song 582,47,306932,0,Artist 82,2011-09-03,0.33745427896422897,0.7312505893473751,3,-54.570221334248,1,0.5511413361947338,0.17026913712859426,0.37014791835041694,0.08429218843741348,0.20908484215873002,157.53576469211418
track_583,Song 583,81,182507,0,Artist 83,2001-05-12,0.8706884554574393,0.7697466228570872,6,-30.148241038352836,1,0.7086808385119051,0.6329338804710447,0.07115525588258109,0.6200316076782347,0.4531567443050265,135.4879069458222
track_584,Song 584,41,177134,0,Artist 84,1965-03-06,0.08352491468001877,0.9754103676847451,0,-44.21519820454856,0,0.1144381635168481,0.41987037178227127,0.8941073178047334,0.14735276601673863,0.15624411425191675,131.4721130744108
track_585,Song 585,59,253172,0,Artist 85,1974-03-26,0.2111259425580374,0.57356328002671,11,-16.536818640117325,1,0.30543276608787084,0.5081637904581747,0.8881899529641872,0.15996291746765423,0.9575272278108466,82.30145294595351
track_586,Song 586,83,313069,0,Artist 86,2013-01-11,0.7524683375864943,0.3416411126906018,3,-48.62666948778357,0,0.7812569537828522,0.06297140873370044,0.854746132030725,0.01422822372916599,0.7787381569251641,112.10616558953376
track_587,Song 587,69,148172,1,Artist 87,2002-12-03,0.051293848981215584,0.6484645569002371,4,-6.46572506771362,1,0.3659194354135754,0.8341352384103843,0.8450816377355016,0.7820900146236098,0.7367224265013965,154.18826406207504
track_588,Song 588,11,140132,0,Artist 88,2019-08-08,0.49253538071428926,0.06844070924262613,7,-34.143519808900386,0,0.24160246204003988,0.7845056022962172,0.4802540010861547,0.812296055423481,0.690206665020802,189.43983075614273
track_589,Song 589,1,138199,0,Artist 89,1996-02-14,0.44210703467972,0.8973973183215863,11,-48.11981818154679,1,0.6722006635651122,0.18535397572184953,0.17743165224959823,0.1620224163644397,0.4233364424663817,174.30496831485738
track_590,Song 590,6,156609,0,Artist 90,1992-03-14,0.33440117898874866,0.11938101133819679,1,-33.71869221898024,0,0.19675877767165562,0.6343293572573794,0.4774880504624277,0.7395244342672245,0.9232824157031447,102.05457255439596
track_591,Song 591,79,294037,0,Artist 91,1967-08-10,0.3945723153189238,0.32784283788581825,11,-35.47537423148833,0,0.8956529195831768,0.8183152116542717,0.49459777066946486,0.4335451231573596,0.07291701192700539,120.75392759659067
track_592,Song 592,2,259088,1,Artist 92,2012-08-02,0.5299405869302329,0.8157453806261209,4,-34.264862430377384,1,0.10559839602614096,0.6408541364156,0.4899317532448607,0.23959488296539133,0.8032590716789518,71.60845289979125
track_593,Song 593,2,290851,0,Artist 93,2019-11-14,0.16136735838838312,0.5973123783307118,5,-24.866322390153186,1,0.7065498022828269,0.31039809529584483,0.5387725861151161,0.6213846080738289,0.21523273210573268,74.3041252249813
track_594,Song 594,26,353869,1,Artist 94,2003-04-09,0.5719958782835928,0.3936355202774421,4,-28.729576505187747,0,0.4995487012863752,0.6561111504781671,0.2576570229911551,0.1784840743470848,0.324027955633848,125.83225417982011
track_595,Song 595,39,151881,0,Artist 95,2003-04-03,0.8054323292999863,0.4734356593750214,8,-51.01337209914584,1,0.8699295623969936,0.21046174768321224,0.36624118113361503,0.7568836076530354,0.5194297289673083,134.230716954394
track_596,Song 596,32,333666,1,Artist 96,1964-05-21,0.760160929790159,0.8545473932021803,9,-56.06525564120182,0,0.1261950910262366,0.31825499727942086,0.43418659196346954,0.0476152275705517,0.7826550110555796,96.96379339756795
track_597,Song 597,91,144472,0,Artist 97,1998-06-26,0.15389990469377368,0.34000438605989214,0,-16.235073076407566,1,0.6778949184960879,0.24006965310717865,0.13112120951649986,0.9591309329279144,0.8385349076537366,149.98957648603178
track_598,Song 598,0,357954,0,Artist 98,1963-05-08,0.1492494697414739,0.8696496848121713,2,-26.41695384430119,1,0.5720546391813814,0.5569251023902065,0.4553641345615005,0.07187525370862446,0.5837322501601249,158.47329598121928
track_599,Song 599,7,351534,1,Artist 99,1965-07-16,0.2681743677449133,0.08813443097669149,1,-38.45995391524418,0,0.4800901422400464,0.1082266467655486,0.810469617069593,0.5794484192486897,0.4030354889346852,101.87625842567408
track_600,Song 600,100,302885,0,Artist 0,2004-02-02,0.3610747263410372,0.7767984372086307,11,-11.498530650115569,1,0.4914072634326684,0.9333103803483387,0.8280595427328763,0.9021942901223785,0.9465024214032101,166.17946159905586
track_601,Song 601,31,351440,1,Artist 1,1991-07-06,0.4084555814084826,0.8475476330547363,2,-36.71649154434258,1,0.7219769617985308,0.3335123536628668,0.41156377190103033,0.011904468847850347,0.24652129583936833,88.78468866547867
track_602,Song 602,47,287093,0,Artist 2,2011-10-28,0.6796972168333453,0.18181765283733875,9,-12.242094623963546,0,0.9377416549348221,0.21897012710580133,0.5188083120843535,0.49851446098905705,0.8030945758806354,136.19519281858032
track_603,Song 603,100,174131,1,Artist 3,1989-07-21,0.056680432165835404,0.43034653237220044,8,-41.65463234925752,0,0.09125165911904809,0.49654981360183126,0.03365033213505664,0.3500069643106799,0.6120496214481532,172.59935309870426
track_604,Song 604,3,275159,0,Artist 4,2006-01-26,0.034672704226066386,0.16549977466365562,8,-55.629282147288016,1,0.01950264761052023,0.27699781845471605,0.6744325564685969,0.580332190257909,0.37689501688521376,135.18127199555775
track_605,Song 605,93,132828,0,Artist 5,1994-07-25,0.391910562943909,0.7066041289942178,9,-4.041618372004258,0,0.8057047924812035,0.5349040863826443,0.40460588294686306,0.2254573867376587,0.0013679843635368005,187.11478059294708
track_606,Song 606,69,312682,1,Artist 6,2014-05-12,0.6971636921379805,0.5353477680616567,1,-36.32693224311761,1,0.10816938755075933,0.34850914978208547,0.4454776830833458,0.06489921723172476,0.4465993013486268,68.19017260244901
track_607,Song 607,18,216664,0,Artist 7,1999-03-05,0.19343534295648257,0.635323346708321,2,-12.438445629037325,1,0.9866967960804238,0.1320668107690408,0.8736727271797647,0.6259330368487069,0.27671999754229926,142.36393836880606
track_608,Song 608,31,252473,0,Artist 8,2011-03-02,0.6415044812562517,0.19648696695621115,3,-43.25135200666173,0,0.6193482489588372,0.265895242027262,0.46183443456060835,0.41684923949340247,0.10434661332556061,138.64576335621462
track_609,Song 609,8,336251,0,Artist 9,1975-04-16,0.25982813794029946,0.21174586205241952,8,-21.21809327258064,0,0.6508663952541407,0.4384398449615252,0.021192246227852762,0.6224855387062297,0.07515856533808485,152.44946599597586
track_610,Song 610,11,135193,0,Artist 10,1972-12-05,0.8860861088135163,0.04149732550990637,2,-7.601347604536301,0,0.1988917029380174,0.030293226479625623,0.22749089086906238,0.21053914683784292,0.34755832731160197,176.67695741524307
track_611,Song 611,10,343461,0,Artist 11,2009-02-15,0.8956899442666165,0.3220675351957297,6,-57.50135865960118,0,0.24031231029667444,0.770642527014762,0.47562061430825897,0.33874126295348184,0.6147573887406486,161.6194318073753
track_612,Song 612,45,295936,0,Artist 12,2019-02-12,0.2972872042813265,0.559744661333675,11,-10.161854118834647,0,0.6593503030992501,0.6218245645904158,0.42439629274853574,0.5616813893646103,0.8375193153647736,170.63958295219783
track_613,Song 613,15,271379,1,Artist 13,2001-01-04,0.2299937539632405,0.8579349139973288,2,-25.72001970168428,0,0.909726837934197,0.6013596072783542,0.8603701372804806,0.5931127783247273,0.1835632449473269,100.43434160046701
track_614,Song 614,0,222518,1,Artist 14,1989-05-15,0.41130397206623126,0.6669274474586807,6,-23.55169476548585,1,0.9823905545175666,0.546049931882766,0.5421375093061667,0.3723148077742652,0.42464397130904963,114.24963299965503
track_615,Song 615,62,139611,1,Artist 15,1978-04-11,0.24053158518014872,0.43539632339975143,6,-28.61051995164104,1,0.19803094663109366,0.5903131723250685,0.689635741915121,0.28005320561655644,0.3919561401421522,147.74877636647224
track_616,Song 616,20,294863,0,Artist 16,1976-11-16,0.6723838432917036,0.9531201143941378,8,-7.531493802981458,0,0.13411962270979016,0.9346519527072206,0.4693232970434701,0.27370062948859586,0.5133940092085156,137.48460606949095
track_617,Song 617,29,263022,1,Artist 17,2015-10-23,0.8260646845482855,0.7192452005758319,1,-57.39399856586175,1,0.05640135776079047,0.00856921081074069,0.4396557340591649,0.17469935142089843,0.8095872708095528,194.55454249587513
track_618,Song 618,12,196240,0,Artist 18,2022-02-06,0.673092130911217,0.93016520286255,5,-44.338296507849115,1,0.8682970181613279,0.04779970965774927,0.4462866684743513,0.32540496232958716,0.5536452179992348,86.15682999081871
track_619,Song 619,33,359719,0,Artist 19,1978-03-14,0.8243504472493495,0.5275879732721657,8,-7.454247668450677,1,0.29471484685646876,0.19149340993080233,0.41092156969383886,0.19944033701321995,0.8466549135022942,109.17897214315984
track_620,Song 620,3,328475,0,Artist 20,1987-07-18,0.39699216220747413,0.2589042747931396,11,-14.859257848082642,1,0.0018120338692516613,0.1673013799931501,0.5385833858542034,0.6338154062299448,0.5185517560689777,140.18573265987968
track_621,Song 621,27,122745,0,Artist 21,2017-07-12,0.15631697070886086,0.052826686364721986,11,-58.94129038928365,0,0.22381808605642883,0.18119445946918267,0.2504434017536037,0.5690669982420896,0.6038473651812715,181.51492779106127
track_622,Song 622,94,175243,1,Artist 22,2014-12-27,0.7379509473975921,0.7260848514838505,1,-28.97962300741748,1,0.3404410800994184,0.6719438858486502,0.8910551938418209,0.38258882367092006,0.43738324249298977,190.10879345673885
track_623,Song 623,58,123866,0,Artist 23,1985-04-11,0.3604745051415539,0.12130299800553412,1,-28.22563915723951,1,0.9909861694966853,0.4594833010501653,0.3330855480938729,0.32583001993739447,0.8230955802956337,107.0450863158638
track_624,Song 624,26,283317,1,Artist 24,1996-05-13,0.6712708252291325,0.3027751282719672,4,-35.947071892325376,0,0.5235415938570817,0.9917788783346931,0.14752383417734682,0.23761420019464252,0.9238272063646527,69.39518461368922
track_625,Song 625,68,295796,0,Artist 25,1985-05-21,0.27064394198176567,0.5324709078838974,9,-42.15640007628062,0,0.2047139475951013,0.22688591480294484,0.09655047859774513,0.5354583089593412,0.6391447381231457,119.02675770910591
track_626,Song 626,24,248681,1,Artist 26,2012-06-23,0.08122963480667267,0.5644165877797477,9,-19.096508975259475,0,0.33481834471345107,0.31083010102749464,0.01342291512012761,0.9189027643456883,0.8207824491729039,115.20818005269099
track_627,Song 627,2,191354,1,Artist 27,2021-09-11,0.9925817954877634,0.600583196987136,11,-47.53257211771477,0,0.33030768755687845,0.984240716801649,0.42285607856686147,0.6857030513889372,0.059003333999100294,198.10818951015654
track_628,Song 628,96,171374,1,Artist 28,1982-02-23,0.15620150793059928,0.16625533034970064,9,-12.063086275697636,1,0.019725746463175486,0.831758140802247,0.18761098854542468,0.7444147140355674,0.9061117514466576,120.34857420071052
track_629,Song 629,67,234397,1,Artist 29,2022-05-16,0.988420993963481,0.37973740482164875,7,-11.817770353951694,0,0.13518305417143006,0.46979922067853275,0.021647902587247914,0.8343778636564078,0.18892506683912458,102.80121990245212
track_630,Song 630,24,244577,1,Artist 30,1968-12-15,0.9772799325664473,0.6171942271169667,10,-35.084313745630766,1,0.6951964597032112,0.5545968855459897,0.5200195462895237,0.35163497333784877,0.25652042732580793,111.15283243489077
track_631,Song 631,19,281188,1,Artist 31,1971-03-21,0.7938181039080396,0.9698188646337847,8,-42.98711934542114,1,0.12025098657073463,0.8431779206528405,0.6799785486507615,0.06287578211448763,0.05333006820674624,115.56967928733394
track_632,Song 632,33,201029,0,Artist 32,2012-04-28,0.6594229620819976,0.7276311376996887,1,-42.96730910455721,0,0.23073427660611878,0.48098024604632805,0.08575105091110435,0.6225588033216443,0.965400116974059,175.01565350752622
track_633,Song 633,25,213574,1,Artist 33,1960-10-15,0.5778070502510847,0.9226037570939578,4,-31.062520560227394,0,0.3507372984043088,0.20602372358208432,0.4609207729196596,0.18867229122803264,0.8520108494883764,71.34208499637698
track_634,Song 634,4,271519,0,Artist 34,2017-06-25,0.8661015453778347,0.762212058314177,6,-16.825246515038472,0,0.7577349445022937,0.8284445385543855,0.7436286786007467,0.5690436499956663,0.9131846040910838,104.31098684250374
track_635,Song 635,98,150431,1,Artist 35,2017-12-04,0.28943952161948794,0.5917169688924004,5,-38.467878540368474,0,0.5824009648679398,0.5377724912756434,0.9858068210084251,0.7395102331570648,0.847216167760015,195.28458886699394
track_636,Song 636,60,268980,0,Artist 36,1960-08-11,0.46768121248487704,0.19202336913634455,5,-23.397399272534912,0,0.6889999849885683,0.1530425971638213,0.6671903446425609,0.7836383021478366,0.47953055272128886,81.434350671832
track_637,Song 637,91,149336,1,Artist 37,2006-01-19,0.6193899693665019,0.666685651892513,6,-37.05093236504434,0,0.5670123254201722,0.5055858311843976,0.24483955080952058,0.30183912024751547,0.9240819340907634,163.9641850145626
track_638,Song 638,92,160992,1,Artist 38,1993-10-15,0.4111904758694911,0.6233795659599071,2,-41.728608650916996,1,0.683592425221869,0.4132033805968588,0.7165536397789996,0.5124332325693152,0.9694728204271883,109.89509016776066
track_639,Song 639,8,175350,0,Artist 39,1991-08-04,0.427486454090268,0.6024691704572664,2,-58.50842904505235,1,0.0028421536639724465,0.876842531881758,0.59792942681983,0.6209650962771923,0.5025669767893975,141.44997366723356
track_640,Song 640,49,189561,1,Artist 40,2021-11-21,0.3302846675020844,0.48978586798824075,9,-59.76515365587656,1,0.9308981443714295,0.1260554313607034,0.21179928858154773,0.8194807217006219,0.1756247813288382,73.93672539124348
track_641,Song 641,5,171955,1,Artist 41,2013-07-13,0.564231816684536,0.5286566039892756,8,-46.36753933007974,1,0.11092023087480651,0.8752098044480255,0.8511108258475547,0.7613886651049474,0.6586225089630944,102.89763342955251
track_642,Song 642,82,181240,1,Artist 42,2007-01-22,0.850574528015116,0.33444252711810407,7,-35.615622791940275,0,0.40624909597690484,0.5122110168102847,0.42740442722760086,0.9879753209773703,0.9754382898535706,130.12109183252437
track_643,Song 643,59,271165,0,Artist 43,1984-02-19,0.20152837800631285,0.5193126926423032,4,-8.924329958276388,0,0.7710383702448548,0.40436442998114763,0.9619776547341259,0.008084676530010881,0.872146859858875,92.43809214462017
track_644,Song 644,43,257227,1,Artist 44,1999-03-02,0.9344330387534414,0.19755590567847825,5,-12.090945424174478,1,0.4352307180094239,0.16196718440294033,0.722901007447778,0.437489440863133,0.8618151761459075,135.8617920274413
track_645,Song 645,10,166607,0,Artist 45,2004-01-14,0.6890876537482297,0.8051743973603768,10,-43.97008424472061,1,0.9468425516675159,0.7008179626386793,0.6445631546318221,0.25604448637612787,0.933818016807282,90.76630396878028
track_646,Song 646,65,284559,1,Artist 46,2012-09-04,0.8232732126800302,0.1857769546987078,11,-45.32757342094204,1,0.46758894849876675,0.9268067091100405,0.7283528374765619,0.11989338714487341,0.8939522605525471,151.01407737107755
track_647,Song 647,46,306740,1,Artist 47,1960-08-16,0.5561906926300116,0.08496628988946642,9,-46.36067573579835,0,0.8749394056026714,0.3753773538993198,0.47809701881822153,0.9115153281671846,0.7762816640182929,186.609607635044
track_648,Song 648,72,272035,0,Artist 48,1975-02-21,0.7795167014240635,0.43624602635715737,0,-39.64575956826798,0,0.8108281133622709,0.24158500067083344,0.505226477801674,0.9979620660956863,0.7182728321618272,71.96840922922
track_649,Song 649,84,301196,1,Artist 49,2020-09-20,0.01620039733946721,0.6583074395060619,9,-30.108076826298877,0,0.9809863027986832,0.554866916999157,0.851207385444744,0.18059620790472364,0.26476717374475434,90.32624500865208
track_650,Song 650,87,172870,1,Artist 50,1998-07-14,0.8183804247795352,0.43771682493354136,11,-33.67993367810547,1,0.9265477807509754,0.7961859484338702,0.6809285366435028,0.0384333928013636,0.6213400214284492,178.21922381644617
track_651,Song 651,97,307619,0,Artist 51,2023-09-27,0.04013885908536652,0.2767541319513086,0,-46.90360807311038,1,0.8981238347128787,0.0037676945505330517,0.8972433251916417,0.27505444768050036,0.5214886217058895,148.41748796187406
track_652,Song 652,85,184110,1,Artist 52,2022-06-15,0.8899133763628625,0.5581711838904407,3,-52.172915403382916,0,0.7316043405194683,0.6313774363954292,0.8908267535742685,0.8348619180663956,0.8619440915809912,71.01924839995914
track_653,Song 653,2,304626,0,Artist 53,1964-06-28,0.9919627472386433,0.34700233541219994,1,-59.24533125082828,0,0.3669981472682208,0.5965160006986309,0.9764900340442492,0.29389008319931675,0.491712573490072,128.08901611532934
track_654,Song 654,75,272008,0,Artist 54,1981-11-03,0.2940674621767778,0.9328676901266331,10,-50.76220568000977,1,0.10612541856490243,0.31815218580416005,0.7002146588453342,0.05690148049762156,0.1277427635426891,89.3661921015869
track_655,Song 655,91,236895,0,Artist 55,1988-04-08,0.21031855628579366,0.9226451396035721,6,-17.67861778835291,1,0.68864505226439,0.45142300360497034,0.502301717661742,0.0524921839530299,0.004972485322349174,87.87349516980976
track_656,Song 656,29,124426,1,Artist 56,2014-10-16,0.7653633638580407,0.5023718199720955,1,-45.381685839265025,0,0.9786540813379649,0.24696322416182093,0.16631170020908237,0.4274228023694364,0.6778731204686652,191.69034807047333
track_657,Song 657,89,339911,0,Artist 57,1962-10-10,0.2530263409202532,0.3278839940182585,9,-31.883891392709412,1,0.726604437331869,0.7898857379518428,0.7053805596474173,0.9318257230616197,0.5499083871271615,166.61581673065524
track_658,Song 658,20,147606,0,Artist 58,1971-02-04,0.8655623831722035,0.7371324139566391,1,-24.52193106460532,0,0.9287293692773355,0.6345349333661077,0.2915777167599307,0.28592044163963193,0.33096290435844833,157.47228309338013
track_659,Song 659,27,298904,1,Artist 59,1985-07-18,0.10284259215747671,0.03671294348306664,4,-6.789545830103577,0,0.8043047129555168,0.5327116220389853,0.28294756803733123,0.42715768070104376,0.16897215003789035,93.45003439090021
track_660,Song 660,89,148151,0,Artist 60,1975-05-02,0.12595519637935826,0.47476900604365124,3,-6.66869409639483,1,0.16311467511667876,0.3925261984178272,0.2382877764480681,0.10193380538260854,0.4667153224039021,76.60028062573306
track_661,Song 661,61,330375,1,Artist 61,2010-11-17,0.9791515551006156,0.33632339427033353,7,-15.25597597911846,1,0.2492037705912873,0.29138438602073213,0.8751220573514502,0.49357279326898107,0.10028647247890565,181.916566979949
track_662,Song 662,32,131308,1,Artist 62,1996-06-13,0.6738388982700046,0.9205358851025547,3,-57.89058047708991,1,0.34186560176235037,0.8227364860434314,0.8679644466821582,0.696547064285704,0.3361084892211431,60.82313970794313
track_663,Song 663,84,313594,1,Artist 63,1981-02-04,0.8468872244289528,0.012003027272682543,11,-25.49577485487511,0,0.16826044433800413,0.451407670433569,0.6309704448700582,0.2711503611772196,0.3792119062356344,114.33349931814274
track_664,Song 664,34,296743,1,Artist 64,2016-05-26,0.324329377351518,0.5528148757183491,5,-12.804991750109608,1,0.5816513326730067,0.5014474198416727,0.47298098137073585,0.29671130852868477,0.46561869483796214,98.8657504145867
track_665,Song 665,51,210306,0,Artist 65,1988-10-25,0.6764837495206044,0.740663581066626,4,-58.96271731419821,1,0.9754505241349513,0.5208287305407416,0.672114460098799,0.8419750254062712,0.46662075133884684,139.8526680488353
track_666,Song 666,33,345180,0,Artist 66,1973-04-11,0.5942418273085972,0.48501798752404124,10,-27.018923180605306,0,0.7614588334361586,0.44836693543157646,0.6072294502983907,0.010363722347177085,0.25700564347427723,95.07118102401685
track_667,Song 667,40,226984,0,Artist 67,1987-09-07,0.603150120122947,0.08540303016272166,1,-8.534151252838235,0,0.4233867490674619,0.25608842623842376,0.41573424832338735,0.636470708550097,0.8502109816019876,103.5687503059631
track_668,Song 668,50,122204,0,Artist 68,1964-06-12,0.6825324595377216,0.9724613900279022,10,-31.553875449463984,1,0.004504480980288661,0.12034044024305202,0.37963086748563435,0.39388463494161696,0.3555435062567456,179.0055796990471
track_669,Song 669,46,212769,0,Artist 69,2006-02-10,0.5753591731290986,0.5180104313760979,11,-59.75362782615309,0,0.3132760111381787,0.0985372671677407,0.3827943081453502,0.298380513561469,0.22958730889251633,144.44643527663263
track_670,Song 670,81,207265,1,Artist 70,2008-01-07,0.42906236930266595,0.6141862443190114,7,-59.33919849986355,0,0.5267592876922153,0.7574625233406886,0.5891334031560382,0.6575938322438771,0.17580988341059023,80.39555382611158
track_671,Song 671,57,151131,0,Artist 71,1989-05-13,0.27592269438054684,0.23660978270750732,1,-35.00183775517497,0,0.3242508738519706,0.22352782230151136,0.6476693561208259,0.8346685217897052,0.3225783945033356,161.7060160894164
track_672,Song 672,74,172428,0,Artist 72,2005-09-07,0.768581330913202,0.4834980851068038,8,-50.69947995499473,1,0.11103492302385953,0.05567281495397558,0.451741753515442,0.5583921163286737,0.06755288297753437,89.04428820718297
track_673,Song 673,56,153870,0,Artist 73,2021-06-24,0.2262724300031862,0.42914949195832186,8,-20.13296057440443,1,0.44276495686189454,0.797517406695886,0.968691450213043,0.03109462194305601,0.03290752298097166,120.6206902157472
track_674,Song 674,22,223547,1,Artist 74,2011-10-17,0.6923543061544142,0.07489584200198374,2,-17.472044105630765,0,0.2532528169657162,0.154061652860648,0.08384571800448104,0.46140119082557607,0.6051421968028677,150.52501315750106
track_675,Song 675,47,355990,1,Artist 75,1964-12-10,0.23333282264932664,0.10616035354746722,3,-49.32721227236229,0,0.9092323764615015,0.625146091733354,0.347047025953777,0.4627599408939731,0.61914713604919,98.07013524404822
track_676,Song 676,21,169067,0,Artist 76,1971-07-10,0.6253301699544539,0.8374725196187746,7,-6.688002688530908,0,0.10175452850101574,0.3386432714478632,0.41907468312544094,0.5437984948046078,0.5295882026382897,113.7749540546109
track_677,Song 677,16,309657,1,Artist 77,1975-05-24,0.7470782671290289,0.23981995220659025,8,-33.48552930126445,1,0.04915262872471038,0.12648025669130947,0.016921343464943117,0.6709589010435523,0.7622851952317243,162.7809436225811
track_678,Song 678,68,358083,0,Artist 78,1985-10-04,0.2187138889065392,0.19495827149863054,2,-51.42924554448457,0,0.005314169154862047,0.4144809792543599,0.36495718766822516,0.019318403534340445,0.03915054427707798,191.30753347940808
track_679,Song 679,10,232217,0,Artist 79,1985-06-20,0.05994330086130828,0.5049114512501393,4,-14.144904115836269,0,0.32806968448565776,0.01480886113262514,0.27370991717284254,0.5020126243997505,0.9359731082094677,134.09430797432623
track_680,Song 680,93,272679,1,Artist 80,2007-05-04,0.13097374299417408,0.7687471313625129,10,-12.601529998993627,1,0.6603868382008886,0.8410449825125603,0.5060362702274808,0.5883077693805907,0.09506512325706051,61.395936017927184
track_681,Song 681,14,276040,1,Artist 81,1980-11-22,0.6059969672710255,0.06194651857898792,7,-21.64227164007255,0,0.7304137528817927,0.5134979613418572,0.33641054718326924,0.34335338641605195,0.6740229943935936,107.38492517385626
track_682,Song 682,90,218934,0,Artist 82,1998-09-07,0.8494464062257355,0.5768079196382558,2,-8.792066807846815,1,0.4532616833817231,0.13916001090796182,0.7261821349464612,0.6683652265904331,0.1333965889408093,115.80880687837482
track_683,Song 683,34,262980,0,Artist 83,1995-06-22,0.04499682123542437,0.11921044284057336,6,-15.757621678159722,1,0.6843286504552667,0.2369803183889847,0.5099324954076485,0.22817771712917112,0.8799054333077924,107.48430680031416
track_684,Song 684,32,277495,1,Artist 84,1992-11-01,0.7341512590416462,0.03646105082561846,10,-7.067655766380568,1,0.35991403621536344,0.44797519213852666,0.12976223349626437,0.3173723330674516,0.5107132869450313,121.07764055617878
track_685,Song 685,83,194707,0,Artist 85,2021-08-12,0.3413186459500521,0.05274395216221739,7,-33.96671709087123,0,0.6678062199866169,0.18886938281554866,0.7500613241443472,0.962755347424326,0.08229354101797604,148.57327553457594
track_686,Song 686,15,329329,1,Artist 86,1989-02-24,0.4785283699195225,0.8341641082084413,9,-15.144172314033455,0,0.040595985302373405,0.26859916150108587,0.0992288960826766,0.3480703708611401,0.6167241127000735,76.95792377968544
track_687,Song 687,33,181215,0,Artist 87,1996-12-13,0.9288595498455656,0.11797248362806156,10,-0.014906194257335414,1,0.39075298456700414,0.5343855642352632,0.8390491680793574,0.346500887365745,0.009109943882201654,98.16827124145077
track_688,Song 688,65,306907,1,Artist 88,1982-09-10,0.33197150473584547,0.04515136441229195,2,-16.50412814882285,0,0.7908496776331791,0.8326090130383855,0.9314221940862194,0.5956806358231153,0.7760221784402446,131.07073204246745
track_689,Song 689,98,169429,0,Artist 89,2017-05-15,0.46533693393948605,0.4378998871429123,1,-53.14897318577207,1,0.8030060304590013,0.4018396856899208,0.3224452901848539,0.9709753298600602,0.6505849866461234,104.1802631451965
track_690,Song 690,39,202152,0,Artist 90,1969-07-27,0.013682414760681105,0.8439934719420248,9,-28.90087665424902,0,0.7161487788756946,0.7169752735535483,0.9261426332629309,0.9830804459530004,0.21262474936350728,198.75194733895032
track_691,Song 691,27,228048,1,Artist 91,2013-10-13,0.08159872000483837,0.26240837648930193,6,-24.759132525418323,1,0.20423862056986442,0.8766842134606484,0.7930081591225383,0.5796579636763161,0.3747509161760937,120.40040538524835
track_692,Song 692,46,289530,0,Artist 92,1964-01-23,0.258591591134784,0.4217126175259164,11,-49.54735949571654,1,0.24720511893063324,0.21630094029616198,0.9224356110037699,0.001087019804932532,0.0078066944888902645,181.77188150291028
track_693,Song 693,38,297241,0,Artist 93,1995-10-22,0.027852240821074403,0.03992253256375122,8,-2.2265019493177434,0,0.9960887272645123,0.8071919704021601,0.6662701369208477,0.9006565507683997,0.693683814971205,185.511376985941
track_694,Song 694,69,258731,1,Artist 94,1993-05-22,0.631375326048251,0.4490785141348759,0,-49.46521334192302,0,0.10337800720195989,0.7574021983310274,0.23564403942142187,0.5702379645770481,0.32266813750971923,177.04097996112898
track_695,Song 695,72,311686,0,Artist 95,2011-12-21,0.4263983568016225,0.5776130806371337,2,-49.346524817206635,0,0.18066269890240938,0.356937297948135,0.8945232369109726,0.36599640828993585,0.5715889152967192,66.56575373232349
track_696,Song 696,19,359977,0,Artist 96,1990-10-22,0.548145202728022,0.5709070537521448,4,-5.089971721526702,0,0.1300262556501326,0.9895199595008671,0.18426507617074372,0.8291951410159383,0.9567276279144629,192.6845424258692
track_697,Song 697,0,197240,0,Artist 97,1969-02-28,0.17464718589632955,0.33242669217436516,2,-32.087674012699736,1,0.3276549636836156,0.262572371435957,0.21306055101753552,0.39983245935020506,0.299466712947585,78.02395869864478
track_698,Song 698,71,283865,1,Artist 98,2017-12-09,0.2959320294366161,0.3155331806631355,0,-56.20870324352903,1,0.21017583523392336,0.25480326603169556,0.2710629901403637,0.03404450620026467,0.9902378840873183,64.81650788000123
track_699,Song 699,86,233688,1,Artist 99,1978-06-26,0.6638244748527251,0.10662361893659789,6,-24.108750003688286,0,0.4976879595477721,0.7722591646531978,0.30424631148658465,0.8210722230570188,0.6327283860075664,118.01174510691806
track_700,Song 700,62,166473,1,Artist 0,2017-11-09,0.9653027236303998,0.3667983206462684,6,-23.890419082017132,0,0.4760207068801199,0.4346573180510842,0.5144796421310306,0.5458594010197623,0.24208866628550496,87.24876458609985
track_701,Song 701,66,216762,0,Artist 1,1991-01-15,0.0504167736022092,0.09949466887296465,9,-56.12995447880629,1,0.9015056194513031,0.33079499478104324,0.7134573604340441,0.3381435382241962,0.43677788302125775,85.78751415285306
track_702,Song 702,3,340460,0,Artist 2,1960-03-10,0.8903843208552661,0.7665959447120516,11,-1.6486502619802792,0,0.03473994744478148,0.17866280533910295,0.9262081744006837,0.2508923763538512,0.7404531223835897,100.29474587266108
track_703,Song 703,57,348690,0,Artist 3,2015-05-24,0.5768812013112085,0.9662742977481859,7,-27.358202082325462,0,0.31987957666776334,0.7653324309345441,0.08843758733550244,0.5937974594154256,0.44647790768308127,94.77678473455967
track_704,Song 704,24,339402,0,Artist 4,1964-04-26,0.5639195667556237,0.9700744566667069,4,-26.412256669214145,0,0.5966578919970902,0.786321806136077,0.9543693622282359,0.20804954822510013,0.06850756734155239,155.87135630102142
track_705,Song 705,46,226956,1,Artist 5,2004-03-25,0.5002785352077603,0.8650710993753938,9,-28.79307512985633,0,0.6048017618439638,0.5665640032301404,0.9213229670968134,0.3238508865570032,0.16860366138254235,86.1488229290498
track_706,Song 706,37,238452,0,Artist 6,1963-10-10,0.06939408590418339,0.6007921493396191,11,-23.3560932213228,1,0.4801262290142092,0.9573136131913729,0.05399929218103894,0.6365303094139836,0.7912977457839455,136.0365627276162
track_707,Song 707,14,306823,0,Artist 7,1975-05-08,0.08987685173616067,0.7008656972438799,4,-44.142014833574706,1,0.8156655408146337,0.31816327042265424,0.3603211376915627,0.881544450405932,0.6483730757180614,198.09971646009416
track_708,Song 708,62,246311,0,Artist 8,1983-11-24,0.6009120056590861,0.28520580268041407,4,-42.765519121509556,0,0.0627221714144588,0.2196190454793372,0.8131433902993365,0.5328903283915988,0.5698254773321337,120.53353893388044
track_709,Song 709,20,329987,1,Artist 9,1975-08-16,0.3409585714355583,0.6307704201726206,0,-29.319654612232036,1,0.8154877655801359,0.6774667689344619,0.6115765454794011,0.7591063982990925,0.1676219707554013,149.86223523136113
track_710,Song 710,98,305326,0,Artist 10,2014-11-17,0.9172680665776807,0.45564954943987745,9,-11.598848714185223,0,0.4947542404357036,0.7584086407997047,0.7790939433817704,0.7630606037630419,0.8377574453503394,195.7120348821823
track_711,Song 711,56,127006,0,Artist 11,1961-04-26,0.40659053735947226,0.4820173397769325,4,-57.008125410349265,0,0.13376069507700217,0.22490597055182238,0.7190333387898875,0.6643539526593868,0.9607401095862501,79.269459725791
track_712,Song 712,52,194218,0,Artist 12,2008-01-27,0.14328145870264108,0.757776560375158,5,-23.79574726678524,0,0.8857019135404777,0.07661076426111324,0.49677011312716357,0.24583833768051766,0.040887097490669544,118.60498130102692
track_713,Song 713,45,316416,0,Artist 13,1987-11-05,0.714718833502036,0.28191835559725165,11,-11.593311449621162,1,0.6492287795409635,0.810516486586372,0.04121804595169953,0.8667885981502419,0.0780318706538553,179.02693602733558
track_714,Song 714,13,284912,0,Artist 14,2023-07-04,0.29335342144100984,0.3180396116945199,0,-50.58496367776637,1,0.16354568682413928,0.9765019736460124,0.584268202064501,0.4362756556395665,0.8847245033145648,190.52279558428316
track_715,Song 715,99,152430,1,Artist 15,1991-08-18,0.5254703073558932,0.9246417911286366,10,-59.098647481166026,1,0.03364972339902661,0.6446722860722843,0.04856665305929597,0.04421074393570057,0.8155522540321283,144.1730481142467
track_716,Song 716,75,143091,0,Artist 16,1986-03-24,0.69783278550517,0.056224294850972245,6,-41.23720229151252,1,0.14110964833264927,0.27786690014389415,0.6037267175351309,0.24461267006952514,0.6179344555112937,80.07888435563127
track_717,Song 717,16,284055,0,Artist 17,1979-06-19,0.9002641112020704,0.4856342984133404,0,-24.71137759622411,1,0.6087979601803936,0.996672608552792,0.8004108624936782,0.7655483540993158,0.9449652089861379,186.2060217526717
track_718,Song 718,38,143989,0,Artist 18,1983-02-04,0.7921911948016761,0.9128008004078617,10,-51.70300959571514,0,0.17929623526004845,0.8932666362670775,0.5849917487019186,0.06913333581748937,0.6464305779920032,84.42251926673197
track_719,Song 719,8,195451,0,Artist 19,1971-07-28,0.6763610678727241,0.610363007818157,1,-34.43265774165087,0,0.2257630748750281,0.5133806462802939,0.9970218045616971,0.1473644021549112,0.21598527572950332,109.4028987664966
track_720,Song 720,98,359160,0,Artist 20,2009-08-07,0.6796331823951436,0.5464070742121321,1,-26.860710157543323,1,0.02513972575631418,0.8253212848418338,0.45586650018043307,0.6942268160417044,0.7286423237169002,112.57111688671665
track_721,Song 721,76,138990,0,Artist 21,1994-06-10,0.9459246440320865,0.2497441792293552,4,-24.06701431456097,1,0.7229306722386036,0.8158205232629668,0.7488274636039874,0.8926007897275405,0.6457103447456373,122.62081558216792
track_722,Song 722,78,210270,0,Artist 22,2019-06-25,0.29582409749653604,0.34327548906444827,9,-43.53529673997749,1,0.8103643997594371,0.9347989696734995,0.6672132917419075,0.6337320050576368,0.9857447020100294,170.62321423033296
track_723,Song 723,81,200360,0,Artist 23,1992-05-18,0.0011120941961874076,0.8520484158046929,6,-35.99822184082252,0,0.7968481767721232,0.8409238437734601,0.991431691558088,0.2222910538295546,0.21389573637479176,172.30021293434785
track_724,Song 724,96,156081,0,Artist 24,1992-08-19,0.2719545593981987,0.5592181317684581,0,-13.299646255946477,1,0.12756815136428423,0.6436792359571645,0.7132190050771051,0.05341376324954861,0.597884936362599,160.751710258936
track_725,Song 725,5,262105,0,Artist 25,2020-01-04,0.217891379626744,0.5147421937567799,9,-3.527118352758869,0,0.9033011273887593,0.6093037189565074,0.1640307314593894,0.6151265825503117,0.7801675222251225,63.098014419021425
track_726,Song 726,90,228272,1,Artist 26,2010-10-10,0.6618345851139982,0.09957971354002892,0,-8.287180132904567,0,0.67227882947408,0.4673572883316117,0.9555177064172409,0.04739857793116398,0.3389830893381708,139.07831431040123
track_727,Song 727,22,136241,1,Artist 27,2002-04-01,0.633711599765529,0.01602815645512312,0,-26.142989895994084,1,0.8975286223768645,0.6264856399707573,0.6677772264457613,0.612722051941757,0.3796795830982377,164.649013823396
track_728,Song 728,58,244932,1,Artist 28,1996-04-23,0.5934613827047238,0.9636851886870491,5,-35.382431823363206,0,0.4471605045306636,0.7952165865303827,0.05933823080638989,0.22557994416109506,0.8879018383283207,122.247533608616
track_729,Song 729,90,125939,1,Artist 29,1971-03-18,0.0162434432094537,0.37698616728684164,1,-40.02260313771491,0,0.43695486108369774,0.9690376263025533,0.6575683057846125,0.9046560624088297,0.40419487960888134,192.2910463511555
track_730,Song 730,97,233000,0,Artist 30,1962-03-05,0.7287780544506475,0.6032130620995043,0,-52.502606034958916,1,0.7845365186848953,0.4672873581821201,0.8831194066747751,0.47509266848736187,0.6247328518956144,175.33347306324913
track_731,Song 731,45,298634,1,Artist 31,1960-04-15,0.3235304124854915,0.07971507318728499,5,-53.606925167033225,0,0.09329785547674352,0.5736532029887571,0.577041861990025,0.22393843330969565,0.8892381375268256,149.3417091681563
track_732,Song 732,37,155063,1,Artist 32,1992-11-17,0.6650559890066311,0.6831142857230466,1,-18.69854250518054,1,0.5208740366348857,0.44480549505878175,0.3540196380320112,0.8531453165585916,0.20982658309056135,68.73952571555188
track_733,Song 733,13,351072,0,Artist 33,1999-01-03,0.5565784285021533,0.9325667087059609,5,-44.41233502973038,0,0.8363842356312257,0.668488620983404,0.820909634070616,0.25403539844750833,0.9818772963526058,151.32847466163935
track_734,Song 734,99,327793,1,Artist 34,1969-11-12,0.3427309254279072,0.5756652529974197,9,-44.720298814053194,1,0.8301925630695713,0.6299205040612595,0.7825120082058294,0.3065990765248755,0.7019535339703258,187.62114417531063
track_735,Song 735,71,278117,1,Artist 35,2002-11-02,0.13457626710410775,0.12611532237541057,7,-0.10829673133285667,1,0.956132856342369,0.0178337901936233,0.5441821542313008,0.8342778990554557,0.4961216941414448,113.1223541633332
track_736,Song 736,61,295841,0,Artist 36,2003-02-01,0.09441889766048095,0.5817215274734767,1,-48.72444252757228,0,0.6982725935305465,0.5411615591006584,0.15436176989590034,0.30879202980059595,0.4309205643509977,177.33855358475054
track_737,Song 737,34,167118,0,Artist 37,1988-09-23,0.8315183331122236,0.7663472131046524,10,-51.11641443067022,1,0.20777062943972835,0.08848689569901402,0.25098648552318137,0.41016376923063735,0.9543646155515045,103.84256000070506
track_738,Song 738,18,204703,0,Artist 38,1972-10-21,0.918397542081558,0.40641653657401866,8,-54.078886334404764,0,0.02028031489458082,0.026383618005538345,0.7384839721861057,0.34766567075886656,0.20572482752966637,139.8144608166224
track_739,Song 739,29,353020,1,Artist 39,1971-02-17,0.6497880467642996,0.8798377479414679,7,-25.211679289992233,0,0.47941579862710193,0.7911971620846983,0.8060821653949275,0.11640031783037585,0.3116832568459613,150.77941857190953
track_740,Song 740,77,272697,1,Artist 40,1990-05-22,0.10343411486048337,0.6486829533573645,11,-22.328170439873915,1,0.5137038656225555,0.2586498621593005,0.2792652780409898,0.038895812246826145,0.30779275554792473,154.9193052582453
track_741,Song 741,83,355796,0,Artist 41,2005-09-16,0.4020272168882407,0.8992489182892025,9,-38.08632442458708,0,0.24026258449893145,0.34065507728729927,0.36798507718678664,0.7245406740609813,0.28900633473446347,183.55690402500875
track_742,Song 742,24,248557,0,Artist 42,1961-09-05,0.7289392001051572,0.6235053112473372,0,-27.875199869311935,1,0.1246974471236032,0.06408458760406621,0.07763188524979514,0.6451371239357206,0.4685380452156892,92.8471173808795
track_743,Song 743,39,147076,1,Artist 43,2020-08-15,0.7798208840100681,0.13128797200482423,6,-12.696028143305249,0,0.586208166190509,0.17950026049435064,0.7134619483664998,0.2823660675520572,0.9891792332678332,96.73174194045646
track_744,Song 744,87,315877,0,Artist 44,2010-01-03,0.1182186222910886,0.3096917111051891,9,-10.913749900695095,0,0.7642556740241413,0.7656048182577924,0.003577544600031346,0.2955991249848785,0.8887867667162174,158.56573906350314
track_745,Song 745,13,164605,1,Artist 45,2009-01-28,3.071884538241587e-05,0.20179494825245692,5,-2.525275457061099,1,0.9931541035901605,0.4935308302326209,0.04654152121906807,0.9450057830086813,0.32794956832148614,84.80713374776533
track_746,Song 746,25,204565,0,Artist 46,1994-09-07,0.712137045880605,0.9088264977168623,5,-10.543920844627529,0,0.7583026172105185,0.8806684625501484,0.004344067784089911,0.9876711272334922,0.42287011573013766,124.99785669495445
track_747,Song 747,86,339581,0,Artist 47,1982-11-11,0.35659617598620563,0.7604000672874827,5,-26.109513796954403,0,0.793632414255581,0.3972421314668352,0.6453195833376167,0.4734349032336935,0.6694807463859314,62.80481377081012
track_748,Song 748,21,159121,1,Artist 48,1976-08-10,0.25448133161826025,0.676398368910006,5,-49.22058204978924,0,0.6164608782287975,0.2687007357542682,0.41738712770054653,0.8024517454814937,0.017151680696614102,79.73710717861597
track_749,Song 749,47,316173,0,Artist 49,1985-10-09,0.01289746978952544,0.3009663196316217,9,-54.01418653782946,0,0.9859226589700177,0.34759981445865096,0.29754676134333025,0.7366858758693654,0.8201536586856478,155.0384939040406
track_750,Song 750,82,151433,0,Artist 50,1967-09-14,0.5402994067614997,0.18404477205021352,6,-56.72928660534845,0,0.6399563851145704,0.7127717935169045,0.9127010103571104,0.29731770951204695,0.8797980573119195,164.64462448744555
track_751,Song 751,50,163309,0,Artist 51,1988-07-13,0.8511507354259817,0.7564510879889118,11,-20.008450092876977,0,0.8602532863997043,0.555005672334486,0.19280279467660666,0.058562710520478345,0.857200334324534,76.14466465330275
track_752,Song 752,2,187468,1,Artist 52,1985-03-25,0.9576316462725879,0.47415794587907967,2,-11.547824676120413,0,0.9457846462409557,0.9041912075524279,0.38936801038140056,0.14255625713494002,0.37505438688553616,91.87933705756758
track_753,Song 753,41,295326,0,Artist 53,1969-03-25,0.5657449506132892,0.22578955215062912,5,-29.478962958955258,0,0.929858500500561,0.6021687693888833,0.9403118009277517,0.8382941170007634,0.46199950736420814,73.84662251518715
track_754,Song 754,18,187293,0,Artist 54,1985-02-02,0.5144613277398942,0.6166219781652751,2,-56.7171495099816,1,0.3814153437833565,0.49301820848150313,0.4271065628370424,0.7312138199962811,0.012388321903755828,120.67779814951635
track_755,Song 755,72,216258,0,Artist 55,2021-05-03,0.0850563854892411,0.040333852138451975,6,-27.87176552451971,0,0.07866205831425865,0.7857527238867329,0.5546936856470578,0.6643348444622779,0.3993953480435508,77.65624990424865
track_756,Song 756,27,288925,0,Artist 56,1993-12-07,0.5488728015425998,0.3261702541282535,6,-3.8550443085269777,0,0.17187370253924683,0.9475338507334452,0.08033686656948757,0.13064883169664832,0.4604268223666015,121.2214424033646
track_757,Song 757,83,158405,0,Artist 57,2010-12-21,0.3799790789653946,0.46855699459113465,7,-24.14320854405237,1,0.05922330539660747,0.35584591124497056,0.7901663868934623,0.6399306874505247,0.9069742930684787,162.49375581215844
track_758,Song 758,44,317724,0,Artist 58,2000-03-18,0.6071352808835769,0.14795833410940584,1,-11.434350692231106,1,0.10539693482914003,0.24987621016547767,0.42275877708823817,0.7721523314931155,0.8939876737572474,155.67440864007844
track_759,Song 759,70,163527,1,Artist 59,1966-06-03,0.3887263478765467,0.9846544775908396,8,-11.990841096494961,1,0.18465124589369764,0.6162173962941392,0.8005151245984834,0.8606017498602906,0.9660970640879095,99.26446815925833
track_760,Song 760,77,197227,1,Artist 60,1963-02-10,0.24029912345036675,0.20909736458961425,4,-4.07225401316083,0,0.34109431658740175,0.498872821153881,0.25379764255599213,0.013231279193618217,0.8851049850905204,154.32675689457056
track_761,Song 761,62,251564,0,Artist 61,2017-12-22,0.0949652752283765,0.13035313004326554,8,-13.786274061007603,1,0.5435396465750758,0.9891855748647834,0.42247875056141004,0.6844751018784777,0.008200709427645614,189.87969832594078
track_762,Song 762,72,344490,1,Artist 62,2012-03-07,0.31491844458889573,0.2035348738868964,9,-15.137969159214627,1,0.711682059355086,0.4623617841477333,0.7865489363650103,0.019097655603204422,0.6414608523322197,108.65341419188817
track_763,Song 763,18,259883,1,Artist 63,2009-05-09,0.09664483428775228,0.7690611331597242,4,-45.953840101761564,0,0.21092733610651193,0.07433155136034586,0.9738777670436397,0.7068728455434385,0.06823768310304079,106.07668151766492
track_764,Song 764,46,213344,0,Artist 64,2004-12-17,0.17689695082398393,0.4255056592718428,6,-56.404490680735115,0,0.6725224042381394,0.9773690607776359,0.05962552438726887,0.6356213647320048,0.2725942863799854,140.00141120748245
track_765,Song 765,13,275344,1,Artist 65,1970-11-11,0.9873361585795459,0.565415939752538,10,-28.944032096771537,1,0.7042590745024196,0.8435869455935401,0.8124561774189043,0.1483478629189725,0.5783076294705803,94.37025354384605
track_766,Song 766,37,345007,1,Artist 66,1988-11-07,0.4441035569066186,0.021009156986360744,8,-52.53394752319469,1,0.5586223368661895,0.17825014395796335,0.30068906762711023,0.7661217513451303,0.7006138184075389,151.2210499172353
track_767,Song 767,52,323082,1,Artist 67,2015-01-24,0.5318717665050166,0.034431308573314556,3,-2.268247423320524,0,0.9036178697987106,0.9046052531128693,0.5507432808910722,0.06834761818969115,0.6546320259170952,176.51664789414735
track_768,Song 768,60,343564,1,Artist 68,1995-01-28,0.8736185287372153,0.44582554982701617,1,-42.60451424201828,0,0.11099481392181065,0.3406668208217446,0.2900922649507479,0.8263987737446334,0.04905836740864322,124.30459071380848
track_769,Song 769,35,167153,1,Artist 69,1984-10-14,0.9955689004906878,0.8166552432016235,8,-8.823347796942414,0,0.17712145760241949,0.3771119845344445,0.6134454725679902,0.261929244848229,0.10360386956955203,155.13102548997352
track_770,Song 770,39,228042,1,Artist 70,1980-09-19,0.5827144493446815,0.8852388787075652,1,-36.74252248785244,0,0.42866482438948483,0.9063914823621593,0.35380283064397555,0.688851862300665,0.1285868129312734,151.26395934361935
track_771,Song 771,80,174110,1,Artist 71,2020-07-04,0.8124738210441717,0.08670656759564022,2,-40.60834500855735,0,0.12671273523423887,0.5301155650353153,0.3336148909776815,0.9236893410218703,0.09141437676969111,65.41317865866253
track_772,Song 772,29,265051,1,Artist 72,2016-01-26,0.32694102433667527,0.5383631021010228,9,-3.890485657402735,1,0.5662961437240874,0.13776292939851964,0.037938312935935525,0.33982702467344894,0.17823442326932226,85.67828132460869
track_773,Song 773,8,359173,0,Artist 73,1995-12-06,0.3057439574472911,0.9132296862792705,1,-38.20064567482656,0,0.3984004666094244,0.369056159341804,0.14696040590381154,0.5028940779404192,0.6884877913115593,185.09420025453818
track_774,Song 774,63,148328,0,Artist 74,1969-08-10,0.4027037209945602,0.38797275439788637,2,-36.58272548021181,0,0.28459579453591843,0.7220974462678807,0.9170781988654788,0.46311803395045037,0.8308372511591529,191.4449006311027
track_775,Song 775,32,232911,1,Artist 75,1996-03-07,0.6725072626736491,0.8295658314283686,5,-53.63449322322545,0,0.16998981301763727,0.17418418806801672,0.9982774288732463,0.1576113490628681,0.4088138900734103,169.26154958756484
track_776,Song 776,51,132867,1,Artist 76,1968-08-13,0.6821916892550988,0.1336956543994362,2,-19.773200083049446,0,0.3353382383482103,0.5902311974063588,0.7805205758696064,0.5903120104907617,0.6927815064283436,188.97474076587724
track_777,Song 777,88,179234,0,Artist 77,1983-05-14,0.3152394346494508,0.9353944896677987,9,-42.66963513134919,0,0.607959350832342,0.6952741329444169,0.2868126247734868,0.743001918520948,0.2000162612658265,102.86081112860047
track_778,Song 778,13,145851,1,Artist 78,2023-01-04,0.1332099241366287,0.7514233175313026,7,-24.86374992962957,1,0.5757852108894116,0.34385357554257934,0.40244513844359253,0.9168748289238192,0.9732801516334081,94.67953604906657
track_779,Song 779,74,151279,1,Artist 79,1994-07-08,0.6323962564655086,0.9413343927869017,10,-24.518897756807434,0,0.16362400021023382,0.6938806887083223,0.7395034549060827,0.8508026016495128,0.3499975228576183,113.80202625847281
track_780,Song 780,52,347135,0,Artist 80,2008-05-05,0.12832586218876452,0.6766172335525065,5,-16.84801826425398,1,0.12491981074063341,0.8842073518293186,0.9685135568831981,0.5100193797280317,0.8458669062048351,67.7478797970634
track_781,Song 781,98,193402,0,Artist 81,1994-06-01,0.5784925082293301,0.363403931999427,6,-15.285510829653525,0,0.02667676260887253,0.4721167442332409,0.4554711707293676,0.7190171545119348,0.945366372629387,173.38202666578587
track_782,Song 782,58,135449,0,Artist 82,2007-06-04,0.693422128056309,0.9381811725247224,0,-29.132853935907633,1,0.012425593793932266,0.3829093281797856,0.8295224152883747,0.8007834133738928,0.8647139628753022,197.7845679161108
track_783,Song 783,77,196221,1,Artist 83,1995-08-03,0.7006114963944516,0.2755667763091785,2,-40.14048314379582,1,0.8798104357196852,0.2511584013582857,0.9750689225987169,0.4934887137383488,0.06706765154028893,175.36410094112537
track_784,Song 784,93,209080,1,Artist 84,1977-09-09,0.7534721106595967,0.33217252206173253,2,-9.75294630991597,0,0.04508885600538992,0.6042054798633042,0.8734731710560043,0.11542756070426774,0.6503071573072561,137.69654687935673
track_785,Song 785,40,125451,0,Artist 85,2008-02-08,0.8728594215656645,0.7008084180017403,1,-41.40806103549092,0,0.7312211098732463,0.879852048038716,0.22714974677132693,0.43793076384737084,0.12009070657155119,101.33947586761298
track_786,Song 786,67,207178,0,Artist 86,1998-09-01,0.49995899196478844,0.7653162995253863,6,-29.549454331840113,0,0.871985096244957,0.32466126718519406,0.008031863875622935,0.8424780382015649,0.005663000525796713,87.67770439610129
track_787,Song 787,67,292388,1,Artist 87,1991-12-27,0.7302491895295712,0.9294034838491538,8,-35.92484500777632,0,0.09805784856245758,0.3962355245373035,0.4920817053884151,0.596641405393735,0.05178344394306744,110.96880205153239
track_788,Song 788,91,314136,0,Artist 88,1983-11-06,0.6191727353658367,0.2048024090562095,3,-8.695296841818717,0,0.4363014238330176,0.4066255175499839,0.5313608316952668,0.724458377009339,0.9161491964470573,153.3757341367489
track_789,Song 789,7,183761,1,Artist 89,1982-10-09,0.18663993979768256,0.797998035219224,11,-34.084888131250274,1,0.9623029831742766,0.5608123417775172,0.20125036455116962,0.18526802215258753,0.9084635142603937,122.5886177757153
track_790,Song 790,1,356562,1,Artist 90,2021-09-07,0.025689644869408168,0.7385460533969634,4,-36.83404866975094,0,0.8341386605235851,0.22840896156743862,0.28467439194681765,0.9643377682110057,0.2258243877640338,190.76837481182804
track_791,Song 791,85,158870,0,Artist 91,1991-10-04,0.28454138567693377,0.06379455625359787,2,-18.61057842614175,0,0.48970403185785505,0.8222111553077043,0.7651531608485469,0.4040805294933094,0.5470612147986262,179.59084801520254
track_792,Song 792,40,216566,0,Artist 92,1996-10-13,0.4430337063376194,0.38722314121020696,10,-23.85353340831344,1,0.7625711127915529,0.2956022775042213,0.47034725871313376,0.653635522717729,0.9550282622659262,74.33608623480586
track_793,Song 793,54,243749,1,Artist 93,1971-07-17,0.6171059444286563,0.2827654570600986,8,-53.56518999024924,0,0.8333776244316639,0.7053626908966819,0.31735408360025663,0.018872254590605264,0.49670612969676253,78.4135313439994
track_794,Song 794,15,243765,0,Artist 94,2008-01-28,0.8499593305032054,0.3044904243540304,3,-29.509871619362208,1,0.3480269631887193,0.513215741779552,0.6226260273619194,0.12731926225529133,0.39357782014575793,154.67348594201553
track_795,Song 795,92,244881,0,Artist 95,2014-07-02,0.19624571670616564,0.9829468795547008,4,-15.87129670000514,0,0.8921529168699609,0.5858976033527569,0.6527597559761253,0.782034269884919,0.48324869404462456,92.30757459724961
track_796,Song 796,61,281945,0,Artist 96,1972-10-28,0.1255497898984771,0.6427774134799279,0,-0.4755141245186252,1,0.4704733196771568,0.17960873882730288,0.7693957768408022,0.9679694455202547,0.7902157615519442,170.74418278164518
track_797,Song 797,47,248389,0,Artist 97,1982-05-05,0.9634799474743275,0.7176761577934996,10,-22.251189961780852,0,0.52780736355883,0.7350231981781705,0.15670929576291914,0.3200553550554782,0.4772776325332353,142.79013992568943
track_798,Song 798,29,309699,1,Artist 98,1984-06-12,0.10804455937640711,0.9766176373150092,11,-37.78241601352093,1,0.999707637821831,0.1886205190426311,0.7415172523269903,0.03718073494126484,0.7832776812823695,92.176273882669
track_799,Song 799,11,317227,1,Artist 99,1994-10-27,0.47849107010718916,0.3772017824576387,1,-46.4309040118729,1,0.8433029661521613,0.11347363762743912,0.5994283921104185,0.36086660198013754,0.43169744564093293,127.01615164728277
track_800,Song 800,34,350258,1,Artist 0,2000-07-21,0.5855637287933019,0.8018401684528059,11,-7.630185950800779,0,0.36177000577298,0.546679499888787,0.05757186530279712,0.017468130279002625,0.25200567121138284,116.85068093138467
track_801,Song 801,10,145372,1,Artist 1,1989-05-08,0.5413744209074383,0.43453096330449537,8,-11.126087273189839,0,0.010345596472699947,0.7092971369176653,0.7774456282534111,0.19237309226246913,0.32647272981862063,182.24231028651667
track_802,Song 802,63,123642,0,Artist 2,1976-07-06,0.0860321570329432,0.8695336718149798,1,-45.964630753236904,0,0.6261740737938947,0.05003583643475673,0.38308028133318506,0.7524720150537384,0.07782346463716594,64.50274649678704
track_803,Song 803,49,279073,0,Artist 3,2008-09-08,0.05702691400361937,0.18065754131130318,4,-47.96207459120559,1,0.7039134261281078,0.06939531494054207,0.33038093432963755,0.9370883981064961,0.4973811444092764,185.41814466535058
track_804,Song 804,84,154064,1,Artist 4,2021-03-18,0.10548342746103567,0.9476861770642796,7,-17.09179339132946,1,0.6508026901433797,0.802679162705919,0.44807515158163436,0.08744908436888665,0.148110924889023,151.29157560316406
track_805,Song 805,20,345898,1,Artist 5,1979-08-03,0.5855876838726125,0.21877170841087967,2,-41.102876284874434,1,0.9678623511632131,0.809032699507332,0.34617507730612906,0.5579007788105093,0.8115470063347329,163.255346256773
track_806,Song 806,68,134122,0,Artist 6,2007-02-22,0.5443448876343211,0.3262205069809315,5,-41.61607209828253,0,0.8629710273321443,0.2453047170590812,0.33828559220990906,0.25388084612403194,0.42059057415689416,60.365044874968724
track_807,Song 807,47,275892,1,Artist 7,1984-11-12,0.23374079203674425,0.7561922341067805,3,-50.86258517594068,0,0.4488316931806485,0.6152282028002035,0.8080776677006255,0.13905912579392954,0.7650023239917231,147.95352076521255
track_808,Song 808,19,188431,1,Artist 8,1981-07-26,0.6377741418455916,0.3937551415654067,10,-44.16146881741021,1,0.06285748747238096,0.4431800751446595,0.12450525436569226,0.21898022989155752,0.9544604275386335,142.38806291954364
track_809,Song 809,100,175745,0,Artist 9,1972-02-03,0.8200675020556494,0.6082113767664467,6,-34.349546544441026,0,0.4760587695019969,0.632696041403513,0.9706000678574586,0.5777630674977074,0.849477949713236,135.20877789408198
track_810,Song 810,66,170081,1,Artist 10,2018-04-22,0.041578959846593766,0.4445735010694285,9,-16.029699763655067,1,0.6892440199620231,0.8628792840992251,0.5549316443743433,0.06513450144396105,0.9514636797458197,170.02135993882388
track_811,Song 811,43,321974,0,Artist 11,1978-07-06,0.4981299435480424,0.7423699370897818,2,-39.82151433517501,0,0.6077098082270046,0.0798564245822565,0.1829239984213129,0.4342185961684175,0.5679365268707303,137.82195349551074
track_812,Song 812,32,259783,0,Artist 12,2008-03-02,0.6893104121026903,0.22833125236861085,5,-40.28373963120944,0,0.5381370677108849,0.7779844259884543,0.1312154829316865,0.13522785095516388,0.16532443398054186,179.99360653838005
track_813,Song 813,72,336204,1,Artist 13,1995-02-23,0.2523119270696871,0.05845798723687701,11,-42.90520484685385,1,0.4688189580152413,0.4930291045210393,0.5915095321349826,0.2726770523944815,0.9353959541837006,92.56840809734938
track_814,Song 814,60,269865,0,Artist 14,1971-11-12,0.3077709052931491,0.29992939747306624,9,-31.30297994933742,0,0.2937618730273863,0.5641269437619965,0.632999443846928,0.1907543297432639,0.8685043905967709,172.83756245603797
track_815,Song 815,8,259271,1,Artist 15,2020-10-02,0.6136379029893838,0.47430866486843026,8,-49.16179812352108,0,0.27734676172462924,0.6539313600171203,0.053025771029810764,0.8829754998308972,0.8644129910669285,85.1037881954728
track_816,Song 816,67,196253,0,Artist 16,2000-07-06,0.8979352934437369,0.16802005219267857,10,-30.862155958072467,0,0.5002314789258019,0.9226231491291074,0.2430019141287858,0.7080113308712895,0.6932744274087185,173.8364908756572
track_817,Song 817,34,156191,1,Artist 17,1978-01-17,0.8099244203028994,0.3547972896563887,9,-17.749466628318608,0,0.160603146429649,0.05671995355173787,0.7954619212214673,0.8684625789474705,0.6249162621860794,191.66489263599948
track_818,Song 818,80,130211,1,Artist 18,1971-08-03,0.5831302190995835,0.3999830182935685,0,-58.21256975804267,0,0.3406854235748016,0.029476352124447658,0.049624627743525496,0.3834628345476925,0.014723891861331495,106.99717992345377
track_819,Song 819,97,231086,1,Artist 19,1968-03-02,0.7302217177572492,0.05739184368827355,2,-59.41323718165429,1,0.3239792747100996,0.17826178148877347,0.8550886639060361,0.3134133648536701,0.7480540690881162,134.18408395722645
track_820,Song 820,87,314141,0,Artist 20,1966-12-23,0.3648224702077987,0.5833072481842045,1,-55.492625390729444,0,0.5871328015842009,0.9864477260267365,0.6581624765263335,0.38058719489776704,0.09153511748280574,152.1660632092407
track_821,Song 821,95,339968,0,Artist 21,1987-12-20,0.6409655280987577,0.8843434279712875,7,-27.860396296313276,1,0.06668230036302458,0.7150763673777757,0.4344232593632048,0.018548195724407468,0.2597509361025758,71.12603321962925
track_822,Song 822,64,307818,1,Artist 22,1973-02-08,0.46618159112755697,0.15174291295305242,6,-8.732695008875794,0,0.8296686802650951,0.6146411190545019,0.34643284897091586,0.7247042751485582,0.5514902953513369,129.17130054857682
track_823,Song 823,7,272614,0,Artist 23,1990-03-22,0.1899361364575609,0.597808013401514,1,-59.706932038784885,0,0.5623783803844021,0.0470390534147479,0.019248963848893963,0.3497724568950783,0.4517325848760416,110.48189672235455
track_824,Song 824,44,282384,1,Artist 24,2023-05-12,0.7017382738772572,0.6647392049108463,5,-3.8003217249191437,1,0.6708266807759353,0.8791102238929648,0.8252149457518431,0.3133238035767917,0.015774389771445962,182.14378837518314
track_825,Song 825,86,296314,1,Artist 25,2011-11-26,0.556464637348822,0.41933468041928834,2,-53.623289305767855,1,0.7030939037594328,0.8127568532971595,0.1427218539685381,0.5981410653705329,0.8239850584517123,182.73513261916565
track_826,Song 826,46,221971,0,Artist 26,1978-08-04,0.3586215819535914,0.70109758736427,7,-9.48098831650642,0,0.2914841368425365,0.6648000438670849,0.3095419918620881,0.4362499117098164,0.8788009580859264,158.10913553661317
track_827,Song 827,39,213783,1,Artist 27,2017-10-05,0.9113391900786307,0.41073154349101204,9,-31.028714101023194,0,0.4703715673848665,0.3391308154847027,0.5691069803628038,0.9808433682238985,0.6818729434967669,151.80142644294978
track_828,Song 828,75,245681,0,Artist 28,2006-07-13,0.020934117826733267,0.5046372879774349,2,-20.43855676326936,1,0.9562459558696672,0.07050495556825731,0.24599260007125423,0.35625304289880133,0.5410678586568224,162.71638429861997
track_829,Song 829,53,207893,1,Artist 29,1975-07-15,0.315773151249496,0.00735304455442698,9,-29.359020933169056,1,0.7667052379968149,0.5800384879009225,0.49714046375220133,0.6138958422079134,0.9607378388994714,111.23816614039299
track_830,Song 830,75,306460,0,Artist 30,2012-12-25,0.05688139777764656,0.6917201141346888,8,-31.37710648923872,1,0.9695568752231853,0.7196945714608375,0.8093428287387023,0.31165110060965173,0.11995620774819193,116.63269454508756
track_831,Song 831,45,357653,1,Artist 31,1964-07-23,0.7665273162216272,0.6613426789447244,0,-9.906034298136511,1,0.7462543451462883,0.09424035047724744,0.47053793479027484,0.9905949802106567,0.7379100536649891,137.51866120441875
track_832,Song 832,46,278763,1,Artist 32,1994-08-16,0.7021074541137926,0.03840087732634456,4,-14.646817225931017,0,0.1756001397085174,0.6337676597984959,0.948977344119596,0.44511103472012814,0.12836061289519785,191.32393783102543
track_833,Song 833,14,197960,0,Artist 33,1971-01-10,0.33135221873631704,0.3682501073951331,2,-30.995865808619747,0,0.06453588384467623,0.28636606788715857,0.8475006203763417,0.634128810866803,0.3818447989234157,161.35998237673874
track_834,Song 834,18,204388,1,Artist 34,1984-04-25,0.675662902207073,0.9790318407916674,5,-53.301844236236306,0,0.5776614367196636,0.7642442212198117,0.3330392353633942,0.12672167095267706,0.5854845091709787,137.13849422947126
track_835,Song 835,25,142601,1,Artist 35,2011-06-23,0.39593722619594984,0.4207365625686168,9,-53.075822441135514,0,0.35781327970260957,0.539615850601837,0.39996212458393776,0.7330242148636581,0.7370876905043523,167.85782208554002
track_836,Song 836,51,269092,0,Artist 36,2018-09-16,0.7562537914224343,0.5019454051318417,1,-11.907632356855473,0,0.2754579101381702,0.1290367878104367,0.42332672702252716,0.269210057875622,0.003716100271983991,111.92464371337951
track_837,Song 837,92,259227,1,Artist 37,1980-02-12,0.4541836627367061,0.9099301581597186,8,-28.236562719147994,1,0.8072109964254175,0.526519447733236,0.6261794529245147,0.4486132528296719,0.26059788637177617,162.26533816021188
track_838,Song 838,21,320191,0,Artist 38,1995-01-17,0.41227972783166555,0.7172618758657564,5,-31.104651586838244,1,0.36699326708194735,0.39573686336671865,0.2867957291885398,0.8831330623274579,0.5382003914098203,117.49467475957805
track_839,Song 839,20,332123,1,Artist 39,2012-10-16,0.934729915488301,0.5820701311242236,6,-19.165989518357094,1,0.3170009697343039,0.1803559682816519,0.9692491388225086,0.9705525148851014,0.532873679161507,99.15259698209806
track_840,Song 840,50,287849,0,Artist 40,1982-12-12,0.25087909989070023,0.7978046813410725,4,-8.469504995144383,0,0.8499875931690104,0.8415157240621232,0.6086842206035009,0.424572101840357,0.637626434946264,145.36136665312097
track_841,Song 841,37,139710,1,Artist 41,1975-02-08,0.12044733999656543,0.8643662664559733,8,-22.267611335201686,1,0.8462873364864602,0.0110284484991362,0.39940165874113354,0.8348026679544999,0.30385358086822245,156.16285835102582
track_842,Song 842,19,228714,1,Artist 42,2016-07-20,0.5845431132594582,0.45688807173726687,0,-14.229125859211258,0,0.3563666377550566,0.31212827687810596,0.6450098154915673,0.05334899454986075,0.5405292510889357,124.30109856513899
track_843,Song 843,28,275604,1,Artist 43,1998-03-03,0.9693218122841789,0.4751083649318354,4,-14.083768552982583,0,0.8324987009859662,0.012595038169426753,0.39540501052970767,0.8475740297902625,0.1897867774345764,139.1701023897702
track_844,Song 844,50,248727,0,Artist 44,2004-10-16,0.37783921372718665,0.3860509356518358,10,-38.62431307242245,0,0.8507784903326605,0.09600694650615271,0.8177956809794189,0.6295103221526497,0.18687221440345547,157.16925047983398
track_845,Song 845,3,269673,0,Artist 45,2012-02-13,0.06203676362878152,0.9667061400184606,9,-43.55500826154026,1,0.42393053502966627,0.29709621917308104,0.5678409605517213,0.48870616839160197,0.5765639634226069,167.47940721805134
track_846,Song 846,54,183227,0,Artist 46,2001-11-23,0.33930526730956745,0.6971662542903504,10,-11.930155969490478,0,0.06647313020917156,0.05427118538937359,0.041970503406067006,0.8899637051372478,0.685472585045341,185.38000707163067
track_847,Song 847,70,256039,0,Artist 47,2017-07-28,0.5059316543195584,0.0832230662080723,5,-37.369272492945385,0,0.0015846444663401016,0.5966305323571411,0.17675686742346075,0.8453372225064139,0.12039996668128794,109.63618887700594
track_848,Song 848,91,204289,1,Artist 48,1998-02-19,0.1619230066322137,0.8629596233130185,6,-5.79983960863769,1,0.523292462888995,0.08686290798618279,0.8649939730295346,0.296945095953572,0.12278990190422334,193.2068153993631
track_849,Song 849,27,271094,1,Artist 49,1973-03-08,0.658102218056492,0.4805599408362681,11,-55.818558196192825,0,0.3440754933703557,0.7017136340660952,0.5628998263567899,0.7914883823447575,0.5653026914604504,149.21917341723224
track_850,Song 850,3,294535,0,Artist 50,1990-11-22,0.9977493890102006,0.06875390642248747,3,-56.50694927547962,1,0.997131894158366,0.05264211262716112,0.950343476513905,0.0994909336623726,0.2700957522836456,170.2782635778527
track_851,Song 851,21,325743,0,Artist 51,2017-07-05,0.4517394759814438,0.549717255163311,11,-4.379750393915501,0,0.7724109996272842,0.0593088948010968,0.07242231286068479,0.8227639354673701,0.3923991022411144,157.96766608740137
track_852,Song 852,75,125722,0,Artist 52,1964-04-20,0.35472855673021264,0.4171642789757021,0,-21.09270514911391,1,0.7612754563504125,0.30532589903326635,0.2952606300859739,0.6754556180232505,0.4007484476475779,88.78004154877692
track_853,Song 853,44,278485,1,Artist 53,1994-01-08,0.40070416683446664,0.8777494048626249,10,-37.22403861310006,0,0.9552427682873437,0.8965715249692775,0.1935433732395726,0.08786633093194274,0.17855285928491638,70.00137362123597
track_854,Song 854,66,343844,0,Artist 54,1982-05-24,0.11514617839520114,0.20399460360938737,7,-14.696375111029035,0,0.8877243978933208,0.6413932487233165,0.5538402922287362,0.6830801734741354,0.001314633430626433,161.68010496253683
track_855,Song 855,85,201050,0,Artist 55,1988-12-12,0.8832736014262238,0.8264646094921829,9,-19.660391400381528,1,0.3181874794563887,0.7701312919289194,0.38279283107990936,0.5805192766763702,0.8531518099690073,131.5473734912407
track_856,Song 856,65,353820,1,Artist 56,2002-09-01,0.414825655521352,0.5576886911854527,3,-28.127937190824227,0,0.16598722160387636,0.14155210947710606,0.15727353407639322,0.5945501011450448,0.7150019688976883,158.30987157716544
track_857,Song 857,87,356994,1,Artist 57,1970-08-25,0.3872744114248413,0.05461030321346905,2,-54.06759944024092,1,0.7458922650654822,0.8341254332472459,0.6427519139595469,0.29086393512969855,0.6905385581155655,126.75799254816437
track_858,Song 858,33,336939,0,Artist 58,1977-12-21,0.6596902729304743,0.9718453013254846,11,-11.26922476243491,0,0.378273893682873,0.00814624819423515,0.5362983657971865,0.26649720001284527,0.5465051381133197,103.71283285831056
track_859,Song 859,90,203596,1,Artist 59,2006-09-20,0.4420334209311235,0.5126152441031999,6,-8.038608559162519,1,0.47317265163095645,0.21305735073300613,0.27473625129630097,0.76253511205402,0.7009696545781204,99.90250729633956
track_860,Song 860,54,186732,0,Artist 60,1971-10-06,0.648233468807846,0.2908768542315825,11,-49.66987868684105,0,0.6303977312748269,0.6160923211499935,0.4797713577823778,0.2568134810172391,0.9356883775476258,162.2744983217992
track_861,Song 861,0,263369,1,Artist 61,1968-09-22,0.061446290130787506,0.4694068419892581,1,-8.969300881376,0,0.9078726769352407,0.37524640859405034,0.7457383150411895,0.44626225180989865,0.6656737362292912,98.74921140520846
track_862,Song 862,71,188323,0,Artist 62,1969-07-18,0.8137233437222274,0.857857783517489,7,-7.3291613390061485,0,0.41908775367096596,0.9841933917185635,0.20527167455065853,0.6947889985987847,0.26509140192744995,160.05476192955894
track_863,Song 863,86,143816,0,Artist 63,2017-04-08,0.9405039528794026,0.3049031243850635,5,-27.034283262689037,1,0.7833168902193614,0.030339246818318233,0.2929057467017291,0.07961625132743777,0.570560051740898,113.754417684433
track_864,Song 864,37,160695,0,Artist 64,2003-05-07,0.648765386159386,0.19267639648670032,6,-20.629257826638778,1,0.26833979127465746,0.9985981679365432,0.34611098709411514,0.5945483826116572,0.44232440336621015,167.92577660463235
track_865,Song 865,5,270774,0,Artist 65,1976-01-01,0.9545659288588108,0.12907124693088146,4,-37.065760799130516,1,0.6979717909236136,0.6236278328613161,0.7467264372010316,0.5893763726481173,0.5564191311121495,79.99338960957374
track_866,Song 866,85,276314,1,Artist 66,2020-01-21,0.1514323143699633,0.29785939839021125,8,-43.09250114944404,1,0.001579421077911869,0.5587069945960965,0.846922599550907,0.6842287108880255,0.5176104774128251,88.69719204860837
track_867,Song 867,24,175841,1,Artist 67,1997-03-16,0.4774161894803537,0.7800480870400435,4,-16.681011182901315,1,0.8715072134906348,0.059512442563974366,0.3763884964416109,0.3699280953056586,0.8587752852284649,156.02762480082288
track_868,Song 868,81,248498,1,Artist 68,1966-08-12,0.6018067339454473,0.4716263651952617,10,-8.287491059051511,0,0.0303795799544625,0.2733288766658907,0.2966208618339182,0.4489797740638397,0.6518001033810671,138.43235682775676
track_869,Song 869,16,318784,1,Artist 69,2005-02-06,0.5817366474211867,0.22748160369353998,4,-20.75534682265515,0,0.7127537547625842,0.9246626882915957,0.8894467583516772,0.32996931394469364,0.18875847793410394,88.54296796702388
track_870,Song 870,60,336735,0,Artist 70,1972-04-20,0.40146177908904324,0.1661849996097492,2,-29.304563361207048,0,0.04625818926128389,0.35424600318924426,0.9993649321926787,0.8081682471887758,0.06301677887537083,186.39578164175504
track_871,Song 871,11,227096,0,Artist 71,1999-02-02,0.3380844093662614,0.3327294765103791,10,-50.464513989349705,0,0.26624569939400344,0.661653200467251,0.6703536396617991,0.13061076003613248,0.42436378868134694,98.63218063777049
track_872,Song 872,5,212764,1,Artist 72,2001-05-14,0.1268240225504188,0.9399243728857088,0,-56.79247724371091,0,0.4972024035565531,0.9994963504187216,0.9899806149891808,0.9629539535753299,0.015610622257729245,118.94999574710874
track_873,Song 873,89,304646,1,Artist 73,1968-09-04,0.3917424505622782,0.3430267125900244,1,-33.258492585195214,1,0.4199386853482382,0.26306971383354116,0.65996627780191,0.6348361559792174,0.31829738583333567,88.32031186215531
track_874,Song 874,26,205744,1,Artist 74,2009-01-01,0.16266081510548513,0.9881240759546354,7,-57.03902617815472,0,0.19183611460101058,0.5760808790144938,0.7334602720078249,0.8869067243921759,0.36802146943922565,114.32386656781199
track_875,Song 875,7,148482,1,Artist 75,1986-05-23,0.7343656764922184,0.4852304557653562,0,-25.839922085566492,1,0.3338149117092374,0.6964377927022132,0.38865600154351365,0.4262314582647643,0.3755888740099239,128.8305450156064
track_876,Song 876,82,129171,1,Artist 76,2017-09-18,0.20883093549458998,0.17916391829015088,6,-37.036248520933725,0,0.7277063700609671,0.16462724656541516,0.4329675469990535,0.33227907039199667,0.9793500243238927,101.33458763180867
track_877,Song 877,64,220755,0,Artist 77,1961-01-13,0.05856530528453385,0.8911400917935094,4,-14.568652819081834,1,0.6692570925796483,0.1486725636961821,0.14413566398939515,0.9007258101239835,0.30390087697246826,167.67311424750767
track_878,Song 878,56,350004,0,Artist 78,1964-09-02,0.5523661378172343,0.4603553731348269,2,-41.661090189829,1,0.0718145837639157,0.4563079116581733,0.8227500147651232,0.09887302887630278,0.2652274953786212,115.15061701047459
track_879,Song 879,92,228125,0,Artist 79,1988-08-09,0.5952297327194016,0.7096713435045244,11,-24.421037941954076,1,0.7473158255728863,0.3858125217592894,0.9310590308872001,0.1171072315052778,0.12938093106754123,162.1313999942274
track_880,Song 880,98,250722,1,Artist 80,1996-04-21,0.8719130612805055,0.9837115832091518,11,-27.738988694693973,0,0.053045881197028355,0.7142154368573138,0.623438133694112,0.29934677648467733,0.5110088356826128,88.99010455463407
track_881,Song 881,39,226082,1,Artist 81,1997-12-02,0.5769816124176819,0.050175350319974,10,-59.71725446866553,0,0.5429263890997844,0.06950877144858625,0.3436473084453985,0.9597749817663185,0.15367430621362066,112.78496955104502
track_882,Song 882,13,123696,1,Artist 82,1978-11-27,0.3454808537234457,0.09669455978756714,6,-55.65663610414138,0,0.26006274804219065,0.9721666237406904,0.15401632537436627,0.633068609865107,0.6162947127307845,61.128160445374924
track_883,Song 883,34,246310,1,Artist 83,1967-10-25,0.8030118815263205,0.7204567414627562,8,-42.57790725083877,0,0.5876901275598189,0.014276981685832357,0.26515622970531494,0.5541936966153982,0.15515977893834954,166.20926174791964
track_884,Song 884,47,271130,0,Artist 84,2007-05-09,0.5402788931874211,0.281825003295472,1,-7.065895138754094,1,0.26132839594090185,0.6013168243361512,0.2554104208518433,0.7053563363554206,0.5766733177592012,147.62413020626778
track_885,Song 885,83,271385,0,Artist 85,2004-05-01,0.07928028463119174,0.18430139695009906,7,-51.17910270601328,1,0.984957969625831,0.5626325958673883,0.6135278841635731,0.4174745560781662,0.8262692391746262,174.49526548886388
track_886,Song 886,55,139149,1,Artist 86,1960-11-11,0.5658505603132467,0.039361879819729495,8,-17.346340172367505,1,0.30972818372753186,0.13471573086972577,0.9450374653636044,0.7580735014207992,0.042524633519092636,123.78551033437986
track_887,Song 887,48,250064,0,Artist 87,1981-12-03,0.9080185454216624,0.021846711986201806,10,-1.5980060308627628,1,0.241960635674496,0.1509159827135298,0.04827188695798146,0.3932306979728776,0.4197469749182059,171.9636901197975
track_888,Song 888,12,173521,0,Artist 88,2011-06-20,0.39631262549822055,0.7744856031197909,2,-12.565946838530685,0,0.278465290915346,0.7926774877946268,0.0010222995944479951,0.8263631848564645,0.4610489672188355,150.661556197937
track_889,Song 889,60,165740,1,Artist 89,1976-07-23,0.29632580189980007,0.13443342736955,1,-45.42327829877736,1,0.8964728572592954,0.8875624584126831,0.6001819443143256,0.26729508207650454,0.7910721434781124,60.50581055479341
track_890,Song 890,48,226611,1,Artist 90,2022-08-26,0.14346945701802005,0.4677206159711509,6,-5.4980843752151,0,0.6362188286693448,0.28301696588376957,0.28406046207971525,0.27754665929802425,0.4679156319455442,95.51720131239168
track_891,Song 891,45,256028,1,Artist 91,1966-08-04,0.15144552193535732,0.605896815179483,4,-54.413570609496595,1,0.7306840974207764,0.4379639639625684,0.880548342338957,0.5223833054267352,0.5675357864563202,129.14478930887472
track_892,Song 892,61,326803,1,Artist 92,1984-11-18,0.4327714843418189,0.42835180056884625,4,-31.911483487755852,1,0.9180105100943504,0.35499504103835355,0.327250307905817,0.4307611583617351,0.7912042535880711,146.616228959676
track_893,Song 893,7,333684,1,Artist 93,2004-02-23,0.5956798241615295,0.027106652336233106,9,-6.7474855364151765,1,0.9118724848450075,0.0725470129866519,0.2897376005288893,0.6481158442846954,0.5597584929292907,69.1827210530492
track_894,Song 894,42,186641,1,Artist 94,1963-09-06,0.08061540516960175,0.7835015025879088,4,-21.52405744458781,0,0.7389458465787275,0.6732042460158094,0.2695106212182973,0.36429075467357896,0.3582994135195824,158.71118994573084
track_895,Song 895,19,183811,0,Artist 95,1995-07-03,0.9395685890251657,0.010513224541653488,3,-35.18132611633807,0,0.1978244288413229,0.8251929348056901,0.1448528272682441,0.23055064907036682,0.08584227762058227,136.09505367061638
track_896,Song 896,96,303232,0,Artist 96,1965-04-22,0.7551336174451959,0.761889894377484,4,-42.43122799576987,1,0.8433733206750055,0.3048793573912071,0.5815304742771106,0.46980856288290107,0.7299156295125776,133.60910295456
track_897,Song 897,89,302385,1,Artist 97,2019-04-11,0.5866239182836627,0.8933044937881227,3,-37.494035680899,1,0.20377603419106372,0.9901757936307183,0.16821360233421,0.5609564994971462,0.8711381501621551,100.88637813370812
track_898,Song 898,38,183232,0,Artist 98,1990-11-15,0.8284386709389908,0.4328399210571723,5,-29.463493139442825,1,0.742898814098432,0.07585155728235493,0.42463115979029087,0.14260005382969043,0.970064537020164,143.27523392868076
track_899,Song 899,84,135417,1,Artist 99,1978-08-22,0.08018675681211329,0.5355424730977982,3,-40.857364207631555,0,0.6856030665448744,0.6617907138145209,0.46097205225564886,0.5567186257331653,0.9265998807715683,63.84900454844845
track_900,Song 900,48,275801,1,Artist 0,2020-04-28,0.4768388777331244,0.47698339261765377,1,-1.86192827506202,0,0.7588888501404466,0.44822801452608896,0.020492046877974457,0.31925670524789684,0.7974179088332487,69.05804627055839
track_901,Song 901,63,232492,1,Artist 1,2003-06-05,0.6300931268616634,0.3892086186234388,8,-4.015340816031298,0,0.5326856807138157,0.4466019011066559,0.016807279821142496,0.3924518848685079,0.6434719322457282,162.7418122097978
track_902,Song 902,61,150099,1,Artist 2,2013-05-20,0.8286529061182892,0.8874245353703603,1,-7.759711907140755,1,0.6387261822492196,0.45764561603354026,0.5202126887568292,0.27931812906328124,0.7814601458306384,105.06478795475495
track_903,Song 903,53,349206,0,Artist 3,1998-03-10,0.7834695600492677,0.8939335106699905,8,-34.69020986864079,0,0.9533200804342553,0.2586817738014284,0.6960347322291323,0.9314103277930599,0.4320837128520679,108.57539058742773
track_904,Song 904,8,281033,1,Artist 4,1986-10-12,0.27706924971339963,0.3358163646415345,9,-18.521893839886268,1,0.1010885941742149,0.7155628273322324,0.9421424822804046,0.6833362812802138,0.594776214790835,89.17392845590325
track_905,Song 905,87,263674,0,Artist 5,1969-11-15,0.9408801695592043,0.615069754014698,5,-5.8302415778421235,0,0.30884727478162,0.7215765260850269,0.1791192841569551,0.2624603114006834,0.3486998091391852,122.3868968939905
track_906,Song 906,36,238474,1,Artist 6,1985-02-17,0.12434584143087035,0.9269075621458641,8,-8.974230739264321,1,0.6113570130983824,0.282397110105827,0.10325880943608257,0.6450313345519502,0.32670921498038274,67.27908039758205
track_907,Song 907,48,129256,1,Artist 7,1978-09-10,0.8751336186211521,0.9620584989413515,8,-35.14037915878754,1,0.9640541301314893,0.8353064608584502,0.05208790692715093,0.8485724095820462,0.7566917732760338,102.05085129995592
track_908,Song 908,40,337192,1,Artist 8,1998-10-06,0.9709402496046186,0.5089590404220475,2,-53.25683704066436,0,0.09557444766260115,0.31684494365033,0.43604158291295025,0.40163020833276863,0.4539327823035617,133.79734904887766
track_909,Song 909,16,154681,0,Artist 9,2021-09-18,0.17715352322262556,0.4528248052843268,0,-55.46217816992703,1,0.022549221530086427,0.7250931239865422,0.6231473673359569,0.8299575091561823,0.21216126293102922,125.18846901827918
track_910,Song 910,87,211328,1,Artist 10,1962-01-13,0.7220660642037853,0.2786943159285258,0,-25.37615728645784,1,0.05574959847032801,0.12099976751206643,0.8405533567512642,0.15441494433999237,0.20193816194186587,199.95375003722472
track_911,Song 911,20,338512,1,Artist 11,2004-10-03,0.040285518777998464,0.95887187319041,2,-21.442323887344102,1,0.05240568646119881,0.16870164280374567,0.6826448822931314,0.822781364866168,0.8591723615699336,114.42705129636741
track_912,Song 912,50,315861,1,Artist 12,1972-03-24,0.40542282513915495,0.14281430447286736,4,-9.009443724178553,0,0.9078158577774044,0.31579564450825115,0.20836078907485733,0.5402942426723664,0.6777604943626712,114.17986829560324
track_913,Song 913,58,163361,0,Artist 13,2009-08-10,0.516283299197674,0.579829576047725,2,-42.44909877953813,1,0.7212579079338247,0.5938737676678615,0.461770366396279,0.2229744880099821,0.5460460733581158,130.50144883802443
track_914,Song 914,38,315575,0,Artist 14,1987-06-14,0.5806452259096341,0.2825502675186389,11,-49.95177056699745,0,0.6771063661962783,0.6455114854786993,0.9103463463086553,0.4071413845559114,0.40093873599635943,86.64243543797218
track_915,Song 915,54,154540,0,Artist 15,2021-05-06,0.9359372482485595,0.2790082903477966,8,-37.25965000930803,0,0.5225728202618095,0.39635617196747486,0.3267410624773712,0.9879929924466168,0.4308173907871258,182.6826192142821
track_916,Song 916,40,277608,1,Artist 16,2017-05-03,0.6722506872941947,0.40496858737618846,8,-38.7854925820635,1,0.7819526169721519,0.07783915311051404,0.49873036509193147,0.7835560166424261,0.057435194194943806,140.1174904410228
track_917,Song 917,38,204700,0,Artist 17,1979-06-16,0.481277951219237,0.9987929358156545,2,-52.05186275892871,0,0.1556479927615908,0.3736346520927243,0.9585653346436968,0.5750863613851153,0.45491014486784276,86.89506948791913
track_918,Song 918,12,314115,1,Artist 18,1987-07-07,0.8096750362658893,0.054966306839822066,2,-19.663040849210873,1,0.3919411897884374,0.6887675159591515,0.7347080055736976,0.11516391190452557,0.7954549106220818,171.08182279209854
track_919,Song 919,63,198532,0,Artist 19,1967-01-20,0.9505328209544089,0.5785418182035315,11,-29.478483556237443,0,0.4900042507643435,0.6709954611303159,0.747740385641692,0.4178115829015002,0.38798648009532233,64.80650395999946
track_920,Song 920,10,307647,0,Artist 20,2020-09-14,0.022066148682290843,0.08257215803527718,4,-16.732634633114024,1,0.11040949767672625,0.16019641320544276,0.2523340044132276,0.26305151401193727,0.3835812525432579,197.55898808195982
track_921,Song 921,18,247626,1,Artist 21,2022-03-09,0.9825212722560387,0.15452082999051897,1,-38.838532789815915,0,0.41951370933751697,0.007783970268967155,0.41469811830512815,0.07100107950539025,0.0157165830192878,181.120906867992
track_922,Song 922,10,253943,0,Artist 22,2000-04-15,0.08613213906368034,0.4395629417728987,5,-40.457867305337864,1,0.31650177926262035,0.7529816172961168,0.08234216309672171,0.542204388719315,0.4578352625580686,141.14952377476277
track_923,Song 923,76,166002,1,Artist 23,1998-10-21,0.8143867792687614,0.5104601313464413,6,-31.645448817368663,1,0.03558214579346264,0.10636816638524371,0.6065258670505337,0.8891856998408761,0.02533765294796686,75.58139278598931
track_924,Song 924,45,169812,1,Artist 24,1960-01-03,0.2803347525514125,0.258792408364524,8,-7.3555592762911814,1,0.13673540272923523,0.0823491439642855,0.10373016454249417,0.6755998681741251,0.5703494280087611,90.138188260554
track_925,Song 925,44,273698,0,Artist 25,1962-11-02,0.13217965775387175,0.3164571308744162,5,-57.58312159596118,1,0.7640368231674718,0.002701216834163467,0.8359095822059548,0.24968038798051118,0.5067833815823141,99.12092384389884
track_926,Song 926,0,311051,1,Artist 26,1972-10-27,0.4398556397138349,0.08696702025593306,2,-11.710030962211675,0,0.018037909504644456,0.43260132595692724,0.8145537870199968,0.5735846069537891,0.8400084989239989,93.74444330650553
track_927,Song 927,39,327129,1,Artist 27,1987-03-02,0.6439565794476135,0.3032197838442505,11,-37.86074324053461,0,0.9342532990963611,0.5032639009008144,0.5336051011223095,0.9432342833469689,0.5817806109257212,129.6528014634824
track_928,Song 928,18,228946,0,Artist 28,2021-02-03,0.380951845023475,0.9665584393805441,4,-8.72285845269134,1,0.08642463244723742,0.6376640461485906,0.1411660331970297,0.7229150529229353,0.3234273553222152,192.2384518374007
track_929,Song 929,75,186668,0,Artist 29,2016-02-18,0.05456540828269896,0.9447073816724817,3,-11.867819469848612,0,0.7992380942034581,0.29606384071258585,0.02557898319516816,0.689473899406764,0.5162310094169141,122.18416186749347
track_930,Song 930,71,219003,1,Artist 30,2022-01-14,0.5994611396587166,0.334878290136985,4,-39.07432515623469,1,0.8986165409434708,0.71042471638678,0.7967086675425724,0.9681581662275163,0.6997063557499188,152.61903954427677
track_931,Song 931,71,331142,0,Artist 31,2019-08-20,0.9024032761106747,0.5708539362787616,7,-18.36740788070304,1,0.9411355848504471,0.16933185740694157,0.6001404832134268,0.7988733111840248,0.0939637954103828,156.40164883703522
track_932,Song 932,60,340462,1,Artist 32,2008-03-18,0.3832153659472517,0.9095953911109443,7,-50.422034593593594,0,0.8674770234959726,0.8319900531103473,0.7109296367478833,0.13662354309875213,0.6210740884704338,182.02130153562757
track_933,Song 933,11,162998,1,Artist 33,1984-03-10,0.21633277763082703,0.0061838226408966745,5,-6.223106870172721,0,0.2875500394254432,0.5718483288904456,0.3038071257363676,0.3476350869762014,0.9166262819779791,64.73498026001269
track_934,Song 934,60,314886,0,Artist 34,2015-06-25,0.4425773459328154,0.8106835703375919,0,-35.73053613288543,1,0.333087131338477,0.5838898233720484,0.5094827378439145,0.9651407007376861,0.2991302956312444,116.60620830865591
track_935,Song 935,32,224601,0,Artist 35,1992-08-02,0.04836271104878087,0.948369552788919,7,-32.66246307868799,0,0.42654569861007596,0.20977541377910813,0.7471741705396504,0.48970539419799786,0.6266250948764123,169.86291597205388
track_936,Song 936,44,296679,0,Artist 36,1997-09-25,0.8204875844802748,0.09132573433355706,7,-17.654456937780907,1,0.13929668940710083,0.07410874930038824,0.46256330831379955,0.11163744532118536,0.8213294503502435,174.08138209516247
track_937,Song 937,89,127812,0,Artist 37,2012-09-22,0.8263408109501867,0.16144768603292103,1,-10.749585797708946,0,0.022272455067223862,0.46472480308067143,0.6013842227687309,0.45860487967234187,0.5118063974386241,189.82656612436156
track_938,Song 938,91,181844,1,Artist 38,1965-04-01,0.5880004634296284,0.9607463027713554,3,-45.81943540030743,0,0.8691216142810346,0.615611951922359,0.7897282618079623,0.6969932340708007,0.7179795340203848,158.3912103745203
track_939,Song 939,68,321165,1,Artist 39,2017-05-04,0.3531028889383895,0.5375401436403463,11,-20.318991607380276,0,0.5541287162104563,0.0950464586616856,0.21522064526637885,0.9975482216812411,0.3110103384892601,94.3215524546641
track_940,Song 940,7,253251,0,Artist 40,2003-02-14,0.7997833644457834,0.014196634471723701,1,-36.480117366651086,0,0.6087229421782163,0.9505344745281666,0.06592888935748231,0.3239053165632019,0.3060584529251448,130.79320403181293
track_941,Song 941,24,294870,0,Artist 41,2004-11-01,0.5546870247883672,0.25763199876352916,3,-37.87782455976232,0,0.9269884748177953,0.9804143602328068,0.5318235108108051,0.5140868748792737,0.6675840217985607,64.52834030864565
track_942,Song 942,90,194601,1,Artist 42,1991-09-14,0.8259323085500162,0.4499436742688596,11,-18.598450563560718,1,0.6651201781136157,0.545456695392492,0.06212577072009573,0.8796807046497939,0.7054088739734838,150.56996775375455
track_943,Song 943,45,259347,1,Artist 43,2004-08-16,0.6314587925830206,0.6929089110247677,9,-36.769003550643944,0,0.6908535043398134,0.9500691552734062,0.7665572943667532,0.3552672180573335,0.9370096995121437,137.60132961122594
track_944,Song 944,86,301646,1,Artist 44,2020-03-22,0.7844054732127973,0.7331603781367996,6,-39.23348999013554,0,0.7869686484367422,0.17944523758085307,0.7192114476337886,0.10926155659085723,0.22483857471797453,153.35707930658103
track_945,Song 945,29,167857,1,Artist 45,2006-11-14,0.59856299321776,0.9954215129254561,8,-9.846695512425455,1,0.11634844985740378,0.025420685179524893,0.881712671465297,0.948935875001504,0.4682175960879691,190.21967747426336
track_946,Song 946,46,245555,0,Artist 46,1980-12-20,0.4141410682156662,0.287511199383759,7,-53.92343257013962,1,0.3601621532137915,0.03940953529038993,0.6395620980339606,0.4884408067135001,0.2505134731638914,156.2187256408604
track_947,Song 947,86,352556,1,Artist 47,1975-09-03,0.9579458599261376,0.5382201018684752,11,-19.446442630187363,1,0.9682079277033663,0.5875124794267791,0.06719757075237376,0.5027837107719717,0.0800921608802454,104.86299025246657
track_948,Song 948,48,140700,1,Artist 48,2013-03-03,0.5411138248788447,0.533323547859605,8,-45.076476372562524,0,0.9229300781006066,0.06164188343682353,0.2531521254896174,0.6212001446041822,0.4032305279474877,87.82313294182194
track_949,Song 949,46,290536,0,Artist 49,1980-09-09,0.6050895185405384,0.4056452594472375,7,-59.07010549042858,0,0.8840752963101848,0.9585456068240871,0.8079318445627193,0.003536623703224606,0.3740807472882033,179.64906895461166
track_950,Song 950,83,293423,1,Artist 50,1970-02-06,0.22048763941474925,0.1691618938424202,1,-49.99414386763848,1,0.45208851033897246,0.14193321075939858,0.16713241731358774,0.9311311755688492,0.2704341199821879,87.20650005832648
track_951,Song 951,81,213330,1,Artist 51,2019-12-25,0.6256507894272765,0.9774565631838426,6,-23.60030821344794,1,0.8571929535868057,0.30472280605297863,0.6984804678148874,0.3614510847745417,0.29699489113941646,82.62534128335095
track_952,Song 952,17,345391,0,Artist 52,1996-10-13,0.5716076494829438,0.8533171866665861,1,-17.452368510843755,1,0.048395881945765606,0.8225178019983485,0.780259330920478,0.39693186238434863,0.3604118063512781,88.9256912953366
track_953,Song 953,65,333606,0,Artist 53,1995-09-21,0.18483839794702495,0.4983330282942372,11,-58.736532986620794,1,0.14851742425711745,0.21874032310409308,0.33011179785524114,0.17410924753323498,0.9888376327800935,131.23771873827096
track_954,Song 954,67,264941,0,Artist 54,1994-08-02,0.059587097353143714,0.6032454226840298,10,-57.81447340189679,0,0.4139676984840541,0.2429684584545706,0.3222974734029085,0.37815161329246105,0.7829577659672801,77.38624204232396
track_955,Song 955,93,311387,1,Artist 55,1978-09-08,0.6043593197147711,0.2272610535596623,1,-5.847473109422815,0,0.4833920666821264,0.6423089557910182,0.5578026812091469,0.8039435307760521,0.07140120108690695,191.3365662835383
track_956,Song 956,32,344760,1,Artist 56,1979-05-21,0.7636922693503205,0.5437870703917469,3,-55.60165091317681,0,0.26350715352085685,0.2760860884892623,0.8612863327547637,0.7999916725555348,0.8724131764867018,195.27551901361255
track_957,Song 957,35,272026,0,Artist 57,2016-11-02,0.5234013709220082,0.6949701331214758,0,-6.349070483005725,0,0.35647667084778745,0.21744763400770029,0.22390620191348054,0.9357968408954528,0.6333033263986714,196.33225945961985
track_958,Song 958,81,282627,0,Artist 58,1977-11-04,0.2267726253196457,0.5151670283865888,4,-46.31004517494566,0,0.16277610102536877,0.2541777143056575,0.9412581960424027,0.4032294726807958,0.8905937601219092,65.47747267476078
track_959,Song 959,100,183353,1,Artist 59,2006-02-25,0.6665219766930349,0.9902851705849413,5,-15.598931990507232,1,0.4891340317159072,0.4906474993407268,0.5991186848201082,0.7087215037485843,0.3417096871302282,192.46765370720445
track_960,Song 960,18,333262,0,Artist 60,2000-08-15,0.08010572660960225,0.6113416562477262,8,-41.416005063239275,0,0.7938432928678613,0.9660998727314821,0.9921264713522762,0.5072375552075571,0.4645188648117188,199.63809056643953
track_961,Song 961,27,296098,0,Artist 61,2008-12-04,0.4418337048019546,0.37097371259216905,9,-8.474878463448967,1,0.6613603936613057,0.8322379415612283,0.08961372399532264,0.804022789519131,0.8962270573081084,191.9400753083682
track_962,Song 962,39,220772,0,Artist 62,1973-06-13,0.1633667583984202,0.7721520276158381,7,-17.97270807453853,1,0.10779224736554127,0.28461026456017713,0.12656213650675907,0.7125420091329969,0.2725731359136815,153.93144680677887
track_963,Song 963,83,298048,1,Artist 63,1974-08-28,0.18445905105988336,0.17046251158164205,1,-35.891192483898294,1,0.4875816033967161,0.36337320849809773,0.8266418037134827,0.36790292528627566,0.9155008762454153,158.17222133719014
track_964,Song 964,96,331650,1,Artist 64,1990-11-12,0.20229394915820365,0.38451581370626653,0,-55.42185274955523,0,0.6976463827797249,0.4645122505040774,0.8647558956038492,0.33667383425369246,0.8284997121442692,77.11541158228268
track_965,Song 965,75,211502,1,Artist 65,1960-05-28,0.3867070570439779,0.34695895037758584,1,-16.03798896775158,1,0.5298952965539412,0.9789296470169904,0.44545868837093394,0.2524424630279676,0.9805579409092934,182.40159079049477
track_966,Song 966,14,233943,1,Artist 66,2012-10-13,0.051150205620397626,0.43180709510777726,6,-22.986914642089104,0,0.39167559653554895,0.1723904683357157,0.714071176142335,0.5765157904886378,0.3242575870163631,68.34954184802801
track_967,Song 967,40,229850,1,Artist 67,2013-02-14,0.3977934409290982,0.7817798259287263,3,-59.82529692997267,1,0.6219144212838782,0.35748310349188284,0.8675572874455385,0.9638428515938595,0.2357531800047834,104.48227652646958
track_968,Song 968,38,165095,1,Artist 68,2013-06-20,0.5117074471147008,0.48417303216340746,9,-59.434808641653284,0,0.9686386653002755,0.729426093982715,0.04312778821882868,0.200066737617566,0.33086689704572814,198.76123032074617
track_969,Song 969,1,265342,0,Artist 69,1962-05-18,0.4832942849663252,0.7940144502659627,4,-11.472421608438367,1,0.09490790976607799,0.9639437342689433,0.5739504229932586,0.09525245490432521,0.9546497959887352,119.12590307441934
track_970,Song 970,62,281980,1,Artist 70,1975-12-28,0.38278410040304056,0.5764889031398659,11,-44.43601567188877,0,0.3900160607475607,0.15567521276423768,0.8534806665264896,0.11940064207631362,0.33307329605294156,78.36187135513622
track_971,Song 971,28,135523,1,Artist 71,1982-12-06,0.8391466080707525,0.34206943465755535,6,-21.83197993631606,1,0.40660585304609564,0.22737995419434576,0.39815494458477496,0.78309867625015,0.5652118199572381,195.70125268687121
track_972,Song 972,73,182433,0,Artist 72,2016-05-11,0.1453266924205041,0.8099787436834724,2,-32.74713481408516,1,0.576967310468371,0.22569467439043023,0.3023836061124269,0.3501048042845637,0.4036792825865142,197.77955058584305
track_973,Song 973,65,298140,1,Artist 73,1970-01-02,0.505696743781374,0.23828967055309158,9,-8.194199128693967,1,0.1521746018819179,0.02093202949207351,0.7957066850948376,0.2243668276923797,0.3962201444817809,86.18597593342001
track_974,Song 974,50,139991,1,Artist 74,1971-02-28,0.062041416956554296,0.2243829797997955,1,-4.98233321385068,1,0.17664302987046954,0.6041156249809495,0.3357865835028362,0.35284411837350005,0.1933786098790552,181.0725332236239
track_975,Song 975,74,130775,0,Artist 75,1969-08-23,0.07115567887790974,0.5045029240548358,6,-0.19153723926875443,0,0.28536138599785466,0.6707030741458938,0.0031742981845032103,0.6453308128295218,0.53707954079759,114.65926566714484
track_976,Song 976,76,328873,0,Artist 76,1991-03-19,0.5738658496770963,0.2608492459620889,4,-50.77895185156519,0,0.9558700432685195,0.6025258901252534,0.9595725876290657,0.5467871248282837,0.8494042549672068,113.39158502814003
track_977,Song 977,9,204995,0,Artist 77,1975-10-19,0.566018424887821,0.009087034951216322,0,-8.222157211471476,0,0.7341085812309026,0.07132298941281434,0.5921232363510185,0.743589406521226,0.049485013553870805,96.77766846556622
track_978,Song 978,13,312322,1,Artist 78,1967-03-05,0.878033512844457,0.6482975272988015,0,-44.03871739627189,1,0.6616933016915032,0.0692301257456317,0.8195179187100712,0.3390741484817763,0.8892265936634216,66.25943843768552
track_979,Song 979,81,267745,0,Artist 79,1997-08-19,0.5578736756600732,0.511093821472398,8,-24.55104750626954,1,0.8169576873942622,0.21038655449412402,0.8253015623427146,0.4520285734646854,0.6654729651372995,97.52125771593128
track_980,Song 980,50,242808,1,Artist 80,1971-08-02,0.9597910204048502,0.4455178144931612,4,-29.653629967847344,1,0.12757646891669294,0.2902945156989146,0.06641042037273281,0.1019683689629235,0.6167380805749029,67.52876674662728
track_981,Song 981,72,278128,1,Artist 81,1983-02-10,0.04869484839992977,0.9669685146183153,0,-58.92071210565674,1,0.8593328197237516,0.7865436559100474,0.1708601993864648,0.07305864603278145,0.6259002329239922,189.41208649039487
track_982,Song 982,38,257686,1,Artist 82,1987-08-25,0.09800768478074107,0.5711991839629137,6,-4.033723205634317,1,0.594832713887504,0.15939026574892112,0.3111206807596474,0.46225524284410047,0.29626983595446943,152.64089413498198
track_983,Song 983,27,352628,1,Artist 83,2012-11-02,0.04406586157038139,0.8634315777893845,8,-55.30037669104689,1,0.33532900745893546,0.044092216397532136,0.32069928504132283,0.30159660744592354,0.4151445038682877,184.1271710022948
track_984,Song 984,2,127415,0,Artist 84,1967-01-11,0.18527685033354002,0.13945023620516017,10,-18.706864835535853,0,0.8158552557456904,0.39398750771305513,0.6587861176809129,0.6128005721361308,0.7992900059042146,160.42069540587988
track_985,Song 985,83,339763,0,Artist 85,2017-06-18,0.5412701109416781,0.5692064631294277,0,-12.899589827504279,0,0.8025645343486241,0.4163921701419203,0.6231329207526848,0.043002165444571916,0.3063810369362896,78.38016195156949
track_986,Song 986,69,294956,1,Artist 86,1987-08-24,0.645572181427428,0.8679796267309029,9,-12.282729057138944,0,0.8457085817167271,0.45090733818895423,0.49458977800981374,0.12176637759956543,0.47002020957269675,191.68141514294172
track_987,Song 987,26,268036,0,Artist 87,1995-03-15,0.0455851579486688,0.583105757279898,3,-51.87032886426931,0,0.11551790010698215,0.8269035440269685,0.21126373230876794,0.8651908111063952,0.019632271387653333,185.9850275085874
track_988,Song 988,1,288798,1,Artist 88,1985-08-09,0.9459708898455993,0.7180141781270015,2,-33.145802969521675,0,0.969361244995776,0.09800541487094172,0.3819834696903034,0.5663116215191045,0.7335583529355066,108.730650906145
track_989,Song 989,92,157044,1,Artist 89,1967-12-23,0.842165376650381,0.3720435678122074,4,-10.234267773961207,0,0.9596261537897312,0.7039420824219621,0.5435939684651695,0.7120545336912272,0.41770217667860565,75.61466764923472
track_990,Song 990,37,308221,1,Artist 90,2017-01-19,0.2966124821570931,0.09244951703706661,6,-41.83924737727472,0,0.35746964550174154,0.33794557104529077,0.4679853661039419,0.8419721187072957,0.5253587684736037,158.58166511044232
track_991,Song 991,2,288616,0,Artist 91,2019-11-09,0.07718753022646796,0.4579002951270714,7,-31.935079477520183,0,0.06589401821191965,0.30998013643546996,0.12729253309507838,0.4638343429500522,0.11468931781075864,161.97058238314116
track_992,Song 992,15,169976,1,Artist 92,2009-11-03,0.16988707321905727,0.3944793908388575,1,-43.63236643800926,1,0.1670556694687857,0.9325431260859799,0.6495104935019238,0.7610603839674761,0.9917142287874369,185.55606627769902
track_993,Song 993,93,283324,1,Artist 93,1987-09-21,0.12694441375497267,0.8670601823789473,6,-32.18691492688055,1,0.992830825444697,0.24846852441674205,0.07305177681066055,0.5245855790735243,0.302467826984846,67.37180632315119
track_994,Song 994,39,123832,0,Artist 94,1987-11-09,0.12328377929894685,0.24399530235247224,0,-6.729724644427193,1,0.5630129431716631,0.6425318353393663,0.3781946830810803,0.22274877027370388,0.6349896615964503,79.83853732383206
track_995,Song 995,1,341883,0,Artist 95,1996-09-28,0.5185616886657339,0.9667342275351081,6,-32.69254613803383,1,0.35662179882605205,0.2751277573760921,0.7100293476752291,0.3376561688009395,0.5812363448544654,143.75483100308554
track_996,Song 996,80,331509,0,Artist 96,2000-05-14,0.2458474424934003,0.9581381198044961,7,-26.645278975540776,1,0.2882026938500388,0.5071438826403851,0.02002353451970651,0.49035044105566084,0.7850922039249904,146.67841712181155
track_997,Song 997,40,354821,0,Artist 97,1995-10-19,0.35813971652914445,0.2476316430714387,1,-35.76142300181499,1,0.25699173531094754,0.7862928925962779,0.5699828190453161,0.31688555217227077,0.29383695562196055,64.70535272410088
track_998,Song 998,11,154148,1,Artist 98,2023-04-07,0.9895053333843224,0.3480519554773205,8,-32.392969007800474,1,0.6641527650544821,0.8817225235162606,0.3345209741432973,0.33552769134989835,0.7559273449972372,115.57048714863217
track_999,Song 999,34,312312,0,Artist 99,1986-11-16,0.6843142489253448,0.895555740873885,0,-59.0895480572147,0,0.41938783151968595,0.8386972402950503,0.008831843422734464,0.3373928312487664,0.38250173068573434,141.78264237864687
