genre,artist_name,track_name,track_id,popularity,acousticness,danceability,duration_ms,energy,instrumentalness,key,liveness,loudness,mode,speechiness,tempo,valence
classical,Artist 0,Track 0,feature_track_0,77,0.7659145445024039,0.3015449214342337,343752,0.43266164809945984,0.36036551853039556,3,0.3322237118123287,-35.88000045891437,1,0.5307232267464566,111.41858548496364,0.9485820360508921
pop,Artist 1,Track 1,feature_track_1,49,0.9489230162659517,0.3620655098231349,146809,0.7154600357876043,0.4269101182540047,5,0.17689763223059507,-43.72149710185455,0,0.7907421965879639,86.9453502064774,0.949533922554903
rock,Artist 2,Track 2,feature_track_2,1,0.40557281577477944,0.9339956386286912,283221,0.7600539862608048,0.7254145426079628,8,0.8956997457016794,-57.61244636752169,1,0.08153532543749786,91.48749499655918,0.16148944500095852
electronic,Artist 3,Track 3,feature_track_3,0,0.521979799825197,0.966555398819614,308303,0.8369002019987979,0.9100947391772835,1,0.7076567650526958,-47.98939175218326,1,0.9970184300912042,129.64852974573682,0.003897663230188475
pop,Artist 4,Track 4,feature_track_4,9,0.03215147566904453,0.6960364691893778,208698,0.36632117517834817,0.20325834894564787,11,0.7830543224952482,-22.99781864086244,1,0.8265406169998983,168.2948962922385,0.5816516212023484
jazz,Artist 5,Track 5,feature_track_5,12,0.14858190414512806,0.8148066259754263,330565,0.49117179003706235,0.9305546233016865,7,0.8701528060299393,-9.93683404167632,1,0.2725872107284666,121.57876002618968,0.777173872643889
rock,Artist 6,Track 6,feature_track_6,64,0.5785173906080096,0.3354722015969055,220692,0.35141416321583896,0.6891594946486166,2,0.48462390720705795,-55.19192196484856,1,0.0919449732924773,119.10515971002931,0.863165832512366
hip-hop,Artist 7,Track 7,feature_track_7,89,0.030899555127822165,0.7249107350874092,235372,0.21034954731773192,0.25774728193742313,7,0.7944566555701994,-27.428385057873022,1,0.48028762587472174,101.16269756574847,0.2811058585235703
r&b,Artist 8,Track 8,feature_track_8,3,0.03639853638918311,0.7078138281679737,338575,0.04733938246646807,0.6023424863623337,4,0.9075892419640834,-6.836889936796659,1,0.3321668765572309,142.7291621661616,0.8756555394176788
pop,Artist 9,Track 9,feature_track_9,22,0.19915634152186434,0.4346840631222699,214853,0.9819418072958938,0.0563097635843135,4,0.5559353353259755,-35.94270109508743,0,0.9465661854948874,193.2830854255022,0.7614260735658059
jazz,Artist 10,Track 10,feature_track_10,100,0.42476561470305985,0.7269873999861695,147781,0.31796155387864,0.442082988095035,3,0.5706459049325495,-20.787078455965123,0,0.63028045051064,197.6047477348502,0.7875071126681534
hip-hop,Artist 11,Track 11,feature_track_11,10,0.15111742079408352,0.763463297516966,270671,0.9091428432048078,0.6452332198987898,7,0.0771133945244098,-9.059382973481114,0,0.9206335938997929,125.31268372224099,0.9753067736209979
metal,Artist 12,Track 12,feature_track_12,60,0.537634189766351,0.33167148343179276,243933,0.42059327167780514,0.950442874643125,1,0.931894282706713,-45.78989643083358,1,0.5916264469438367,147.23616829398088,0.8017676544818632
rock,Artist 13,Track 13,feature_track_13,75,0.04526846565530196,0.5543855109312624,294795,0.5191512286058955,0.3809362065762789,10,0.6766437850230265,-31.781896704491597,0,0.08906806413410928,72.55636377263245,0.8838808075221304
hip-hop,Artist 14,Track 14,feature_track_14,3,0.34824891798525304,0.35699538061391134,334233,0.14988341331005517,0.7841779619975782,2,0.174462985738444,-41.81683816751293,1,0.9283799339207354,142.31838938731534,0.02276161716907532
hip-hop,Artist 15,Track 15,feature_track_15,63,0.3498193106624281,0.5964474346092902,337186,0.014363937038816554,0.1583360134206393,0,0.7001410402176219,-14.075362181159932,1,0.13415986727731133,186.79439917546642,0.7544841807412944
jazz,Artist 16,Track 16,feature_track_16,18,0.3102770250929734,0.6868404450407257,213181,0.5035332833297852,0.9749145804584373,6,0.5667221527784435,-10.08401213579971,0,0.5718578281996315,171.35730839823992,0.09891527725061022
electronic,Artist 17,Track 17,feature_track_17,76,0.2888836786639689,0.10707657421995997,193756,0.6012063682082492,0.10155063721291602,5,0.7405000099030429,-27.10652741136429,0,0.043246459462740416,180.48387871165053,0.7037099513730805
classical,Artist 18,Track 18,feature_track_18,92,0.4737347854794325,0.0662376685692243,291090,0.09914414563681984,0.6594970226165943,11,0.1657819069999411,-51.21968636464136,1,0.6009522352605767,69.25885109709691,0.555257381185141
classical,Artist 19,Track 19,feature_track_19,80,0.13998653993924648,0.6865917921499083,330331,0.0901003614049819,0.8248458631952956,6,0.9692149171423234,-18.402174427170614,1,0.25298889014544035,158.79327737345233,0.22603657921397724
pop,Artist 20,Track 20,feature_track_20,65,0.5722566555476735,0.7342090418282045,124595,0.7993829747383726,0.6575477627158645,5,0.857469490047324,-13.982508882716282,0,0.23046238131792063,175.18531457527456,0.5819729203749198
electronic,Artist 21,Track 21,feature_track_21,53,0.6577313599941901,0.05314629595044773,241148,0.4111583615432086,0.17253487247721122,6,0.834291293727868,-4.003046832134977,1,0.30055847441810957,67.73879296843145,0.8179390042707602
indie,Artist 22,Track 22,feature_track_22,42,0.6086892314494715,0.013615412147036987,321307,0.14441937692603957,0.9125275063627133,8,0.0007746161989664602,-52.85356556288069,1,0.682916142716208,193.88304714651582,0.6444772335636358
pop,Artist 23,Track 23,feature_track_23,14,0.3614002535655104,0.3904227014053031,144981,0.9649090010404158,0.31071965742007457,2,0.14671939056647954,-56.19487425241729,0,0.6535951571716637,162.8847398433682,0.8261023115840026
pop,Artist 24,Track 24,feature_track_24,10,0.4237770354962035,0.7883488947772149,193256,0.15147020642421838,0.46295310782568866,6,0.09192210127263722,-16.146403755827322,1,0.687301438789294,87.07898109714866,0.7326022177564351
metal,Artist 25,Track 25,feature_track_25,3,0.9397299733465947,0.8298261527581446,222561,0.42489570730958515,0.9399288235810541,1,0.3084910549224408,-44.43409932286849,0,0.4519711205489827,121.77556385474271,0.6555755053777197
hip-hop,Artist 26,Track 26,feature_track_26,55,0.6574250502030121,0.94267963755552,300219,0.3762812434429116,0.8380021061943637,5,0.42960486238058093,-36.18227142540792,1,0.6382205177385526,150.31994048839613,0.10394402954111592
pop,Artist 27,Track 27,feature_track_27,52,0.39136486005345517,0.6594267979336477,300510,0.7815834645308241,0.8981720619861483,1,0.6143231708220473,-26.703293245770176,1,0.7327861957930354,184.42330959809766,0.18016216152200026
classical,Artist 28,Track 28,feature_track_28,37,0.3752060456514993,0.8568528793552317,240185,0.2366336084531473,0.9428674510949621,3,0.6679181666532192,-55.75393172601593,0,0.2745824099627462,192.210250044277,0.8917524544437423
classical,Artist 29,Track 29,feature_track_29,67,0.13647920035930372,0.8204485442343297,129282,0.22813588895118042,0.3211548940480735,7,0.4000377867959568,-17.05304819403122,1,0.5322728745957114,101.24485207303651,0.09856022557385347
indie,Artist 30,Track 30,feature_track_30,79,0.860176578251387,0.35772774788420725,186188,0.29287084821940934,0.5216304482896335,3,0.2347350622848594,-7.310293436740544,1,0.5466790060020982,169.37288359138768,0.46374426302477656
metal,Artist 31,Track 31,feature_track_31,23,0.9026152761493903,0.9505010008950474,137974,0.8681682175387098,0.07838812064400036,1,0.7210247012435109,-20.957869894111866,1,0.7458769279422485,161.56733680713612,0.4482966209224013
r&b,Artist 32,Track 32,feature_track_32,54,0.5449010017070826,0.880858176918956,204168,0.3533773767782482,0.7160058918981543,10,0.33661534246663627,-23.303998466356603,0,0.1508686363851668,123.46068770962094,0.11919245733333905
classical,Artist 33,Track 33,feature_track_33,22,0.7364997519695221,0.4545303245219451,139559,0.5360178514833289,0.8665748749814745,10,0.444252903870928,-29.012219825148406,0,0.7357891846323492,165.67576026298002,0.7224333634311652
indie,Artist 34,Track 34,feature_track_34,2,0.800841342572096,0.21176314193344914,195549,0.7372731912292523,0.6102047819378882,4,0.9771901316456858,-48.856350484518394,0,0.06297194097448089,108.29305191606991,0.4735682670570611
electronic,Artist 35,Track 35,feature_track_35,15,0.9142614133065804,0.33875969731160027,199885,0.3568565633113594,0.3355640932108478,5,0.37248622874359705,-41.79087376948274,0,0.051487134508293675,191.86442369840958,0.9536912486439493
pop,Artist 36,Track 36,feature_track_36,56,0.5009330453900419,0.7859974431031755,292273,0.36406757038051496,0.4114092493575692,1,0.25333493630450643,-27.369147827145838,1,0.45371041914652643,80.16818830373929,0.7686290398302169
jazz,Artist 37,Track 37,feature_track_37,90,0.9379626127473468,0.8267253989060335,306367,0.3143107467818401,0.7041496128976189,0,0.2912416132857335,-10.357448236172239,0,0.6934203881093185,184.49908783751363,0.911988914195803
hip-hop,Artist 38,Track 38,feature_track_38,69,0.8193198708815415,0.5273439500974534,186367,0.4751653584928792,0.5117172156121065,10,0.2517331142736082,-33.85906743979985,1,0.7711923970183893,169.57961679386685,0.8045627124080198
metal,Artist 39,Track 39,feature_track_39,39,0.12177326271201017,0.8679161897952336,284042,0.9287959833201244,0.16246803588949943,9,0.5302606130575158,-9.679573374348976,0,0.22299371697379544,173.8559332614613,0.3646596928190806
metal,Artist 40,Track 40,feature_track_40,63,0.5099419938605371,0.13683217701753214,180861,0.6406125988163284,0.07294730804218552,9,0.23070756060264208,-6.212045083196031,1,0.017943998255341875,198.7518124362336,0.22613552752081822
pop,Artist 41,Track 41,feature_track_41,59,0.8185640449812565,0.822996355500463,289816,0.45671713828552085,0.05562992614275464,7,0.38728891485837547,-0.9484035281362964,0,0.24314468422425395,79.13670393398384,0.3721059512228927
country,Artist 42,Track 42,feature_track_42,22,0.9986449574887541,0.46181275816159195,141070,0.31551692762601147,0.9761246369395584,7,0.17035852959475728,-25.33435595079235,0,0.3069439275162492,111.53650006781353,0.005940100623582856
electronic,Artist 43,Track 43,feature_track_43,71,0.3397090489898271,0.21247112072533192,231627,0.9120389247115808,0.3242292546932689,11,0.09536291277505149,-7.653799841138806,0,0.7718755200939175,91.51970097076216,0.6464820544155547
electronic,Artist 44,Track 44,feature_track_44,64,0.23606439495802256,0.6099542298191105,305223,0.47596514688522673,0.3547399082482313,2,0.07325141933468848,-13.520315158915295,0,0.6097544762478181,63.6843104387886,0.9748873558845822
electronic,Artist 45,Track 45,feature_track_45,50,0.6376030602399627,0.9066766867636064,232586,0.18509687573297318,0.14373684398316278,0,0.9442721179567981,-12.921872308072182,1,0.8442020351789589,156.0249560299496,0.464989372975703
indie,Artist 46,Track 46,feature_track_46,95,0.025994371533216598,0.6890054905899295,353159,0.6785251255840622,0.3301249677088074,10,0.4140740531148964,-20.681624160009605,1,0.5155360416477752,143.17511380756105,0.29121546898592743
r&b,Artist 47,Track 47,feature_track_47,84,0.07465797049640055,0.7968550409634,276579,0.3905308689796101,0.6764836900921082,1,0.3490802946756496,-9.773589783215947,0,0.6794251603525504,161.8960329584607,0.7077711057091781
jazz,Artist 48,Track 48,feature_track_48,83,0.7558651326578768,0.6255621498144919,270826,0.674035586438268,0.9626443946884883,5,0.48789857951121396,-56.82408205018089,0,0.6749543406801294,150.39409955900112,0.8937291392854443
country,Artist 49,Track 49,feature_track_49,10,0.870720376208437,0.4922070723866724,180697,0.5771249125423163,0.6068000428861993,0,0.41028263018035116,-18.357874030626718,1,0.8778871503686003,111.53037607094525,0.7497078138235088
jazz,Artist 0,Track 50,feature_track_50,74,0.8436215284115662,0.4405685225602287,335095,0.9784570472591511,0.4313439206329668,4,0.659497691279239,-29.1062889566969,1,0.502627978428537,155.77062155053648,0.7267204486932324
hip-hop,Artist 1,Track 51,feature_track_51,95,0.5387383318437441,0.7402474603704314,238170,0.7138412650710874,0.45615918262323096,7,0.44079800420430215,-54.58524761510316,1,0.7151020734918746,169.53573674870216,0.3093949207287806
classical,Artist 2,Track 52,feature_track_52,14,0.905527480397419,0.7806057444406068,270554,0.8952606264668714,0.1298168896345101,4,0.3889741571511308,-15.038734443128824,1,0.7488066791932647,85.29277838399832,0.5776554564852246
hip-hop,Artist 3,Track 53,feature_track_53,2,0.9638372237402628,0.4868635681696787,221541,0.4111641307729943,0.9644453331969853,3,0.03025400419145119,-36.29980075903446,1,0.8468350248736551,151.74045520649148,0.7572038485061543
r&b,Artist 4,Track 54,feature_track_54,84,0.6219867108494797,0.9922284133021622,338174,0.7695343231371492,0.5237270014607721,8,0.20683795590813292,-44.2978231660864,0,0.7070764870046546,152.0202850050145,0.8009524917650425
jazz,Artist 5,Track 55,feature_track_55,85,0.6733326067550015,0.3827917446806247,131509,0.6447257022816327,0.21332225269296534,9,0.7180286269693448,-43.40336044539284,1,0.8618750924543058,137.98035509488096,0.632179836579739
country,Artist 6,Track 56,feature_track_56,13,0.9036118573906441,0.5561573588692457,217174,0.4132441925588969,0.18955186016652437,1,0.2424666766194684,-9.649091365693977,1,0.5952158778931401,188.6050246105361,0.7532331453636728
indie,Artist 7,Track 57,feature_track_57,55,0.7753838954914934,0.5617195746971984,170818,0.22669268015404842,0.7991735817187265,6,0.056951001402147816,-17.615077418022267,1,0.5898061325831773,178.1811366875371,0.17955291334976697
jazz,Artist 8,Track 58,feature_track_58,29,0.8802419301529029,0.6187196528301621,215601,0.6554986153231659,0.47356537429615464,3,0.2529173360208735,-53.76370427135701,0,0.8341346979022756,180.6312848661697,0.43155277155049243
country,Artist 9,Track 59,feature_track_59,73,0.5991691874301959,0.196783802251148,293425,0.5601472825303088,0.8908958501457237,1,0.04718030052981581,-48.048970861852915,1,0.6105969026298406,197.42567342674212,0.9325653359132355
r&b,Artist 10,Track 60,feature_track_60,53,0.32514201336371373,0.5062372544238204,182142,0.3555629706721328,0.45646345852383885,8,0.0016516480432807734,-4.445676118402702,1,0.5275941184411591,63.915195519400655,0.8134888762709279
classical,Artist 11,Track 61,feature_track_61,25,0.39275123646589205,0.7536066659385893,239915,0.9889607519214743,0.638176428649597,7,0.3439077848160791,-10.564689021456722,0,0.15008382820553334,76.69720034812681,0.7265179308891799
electronic,Artist 12,Track 62,feature_track_62,94,0.22658747250991917,0.5040200893003944,223275,0.07100841784274303,0.14171225180118652,10,0.6991129512890469,-46.279254195265125,1,0.5761115317851508,161.04470898999892,0.579903183864421
jazz,Artist 13,Track 63,feature_track_63,15,0.010946143497013283,0.7481531903281562,293691,0.618208461522373,0.9505092910839388,3,0.27758039105336374,-3.7018917644135314,1,0.41252660281742015,150.79888728629805,0.48578809920721966
electronic,Artist 14,Track 64,feature_track_64,37,0.014570581025135754,0.19062986751468702,301193,0.46923375496141195,0.9703380329450673,4,0.2133469471911109,-55.263548104167526,0,0.7093015757661651,188.54968916221083,0.43215352527896633
jazz,Artist 15,Track 65,feature_track_65,6,0.8297947933471458,0.033367883948797195,148362,0.6569802179556098,0.9416586028749196,10,0.5975198389545837,-11.472688282636398,1,0.441587155911912,180.81473758094927,0.40027105603550306
indie,Artist 16,Track 66,feature_track_66,96,0.3361965479632756,0.2423890901724305,131215,0.9130575212252857,0.9830322461103512,9,0.8945216090309396,-55.923614033188954,1,0.7838493565443932,129.3604744026701,0.04907766375448508
jazz,Artist 17,Track 67,feature_track_67,0,0.6249504700251809,0.859307557788944,297040,0.6612126163363393,0.890698016209385,1,0.544516807331437,-9.086557362607145,1,0.6460020883240687,196.3571379539855,0.4759337946872454
electronic,Artist 18,Track 68,feature_track_68,24,0.5584175095103848,0.13219590927002467,271792,0.5962874196591343,0.7839172372715446,8,0.3157696747040284,-0.2684518979635655,0,0.5076773896229991,167.68959636833551,0.585805344730883
rock,Artist 19,Track 69,feature_track_69,95,0.4193383460822264,0.2708880046055485,339647,0.3317676773930631,0.5393704845327306,3,0.10438153613086232,-19.24587245958027,1,0.9472489116408338,142.60512224004376,0.19959377161556224
country,Artist 20,Track 70,feature_track_70,61,0.29004527508206945,0.06717586060029834,125446,0.30623506500340525,0.6264110826911027,6,0.7928558480403133,-33.88337259394012,1,0.25684133023778266,130.128371237139,0.9949403231769994
pop,Artist 21,Track 71,feature_track_71,50,0.42534326785824905,0.5304784047561387,284007,0.8237011104714934,0.9740159205163444,11,0.3715645607114375,-13.711462051970578,1,0.8288342074647873,131.30573536490238,0.09912637587901618
pop,Artist 22,Track 72,feature_track_72,95,0.4799661236909091,0.447243688793738,272793,0.23852589032943883,0.21240585419952596,8,0.401877874622926,-53.841474152784976,0,0.4822666204430973,164.85186441990896,0.30868064922587246
r&b,Artist 23,Track 73,feature_track_73,29,0.8693780798215358,0.7807572101245717,312329,0.9843654559895672,0.21121295923214256,6,0.494727701982939,-36.429450750523515,0,0.3690862598501212,67.46877118986329,0.8463309078779375
rock,Artist 24,Track 74,feature_track_74,82,0.2495882737798879,0.0898114565889232,120921,0.9597350504419471,0.43186419287013633,11,0.9036271314301826,-22.154136932774847,0,0.8466341496349992,178.64312662362138,0.5289266238147503
jazz,Artist 25,Track 75,feature_track_75,55,0.08780532941603081,0.07108154197781102,291624,0.5104564055358943,0.7467084217751352,4,0.5105649227658359,-23.20673086148689,1,0.02621555682988508,80.32740763416487,0.4185271662851652
rock,Artist 26,Track 76,feature_track_76,8,0.9829042014264324,0.2452220703077912,183110,0.1488642238361222,0.7170238725312053,9,0.827198286835301,-27.18748041433578,1,0.8219568598000836,107.80777481409865,0.6144661461830203
electronic,Artist 27,Track 77,feature_track_77,69,0.45904762531752275,0.9060992694662323,281003,0.5210983973569536,0.33098373298067996,0,0.4854713291868126,-25.03587381851498,0,0.6298143527153336,144.09350797142488,0.5732766519825856
indie,Artist 28,Track 78,feature_track_78,16,0.7396187978759571,0.5560604748589273,336362,0.3093522533537121,0.45486327008874883,6,0.35453612858885497,-53.83407685594553,1,0.6758131629097736,158.5581644975976,0.8125764866859904
pop,Artist 29,Track 79,feature_track_79,65,0.025293327280892952,0.8215696425448755,327266,0.8427326047356515,0.49974201595751866,0,0.9521715232069726,-50.34911823488586,1,0.7330832829212381,190.1128327041203,0.7349329066093685
jazz,Artist 30,Track 80,feature_track_80,10,0.6599917131778122,0.6440386107200905,233652,0.08112671670135807,0.8777462171976443,5,0.8969217216347887,-54.18222547823105,1,0.5722105119513453,164.9564490105338,0.7460867827237424
country,Artist 31,Track 81,feature_track_81,62,0.0719157353119485,0.8969532020275842,302479,0.1353944618630828,0.9448982682345858,5,0.9352624949052064,-14.99714742731635,1,0.48503188257284624,181.65448732593833,0.2478078547071627
metal,Artist 32,Track 82,feature_track_82,65,0.38256690520636727,0.48747115962317444,251572,0.6717356159305252,0.8432240088893561,4,0.08088412515997723,-57.750810671493575,1,0.8388839828036941,149.54520121501264,0.9536945832492012
classical,Artist 33,Track 83,feature_track_83,1,0.4997262416534406,0.7973996423353834,322521,0.9394427869693648,0.17816329156406618,7,0.3991482888612633,-52.65773213930642,1,0.31299478886728305,182.05240486585893,0.9854248897132938
country,Artist 34,Track 84,feature_track_84,97,0.3698372921382249,0.5534556203914847,232291,0.483574128783569,0.5826443252260637,9,0.6382420716310221,-49.1982016872317,0,0.14540719779023403,127.0199135364739,0.9975782119759539
r&b,Artist 35,Track 85,feature_track_85,45,0.31500742806628634,0.28619140723456205,299283,0.7002107748879041,0.7161701084006595,9,0.29542378635106414,-52.23118608306552,1,0.8616593689099398,192.10772097460793,0.5944835500156845
metal,Artist 36,Track 86,feature_track_86,9,0.9141507287984088,0.23274058148230203,296569,0.18605961958050043,0.03988533025460983,6,0.548111733387102,-34.25614614540519,0,0.058220739907594354,101.52328440307568,0.09257007627917635
classical,Artist 37,Track 87,feature_track_87,25,0.2728550308675146,0.9015442488125753,314520,0.8733956743508281,0.5710152295134595,7,0.742638642373941,-4.571209379439452,0,0.7953228772532254,171.912994837162,0.8258395470050718
electronic,Artist 38,Track 88,feature_track_88,5,0.21721434161803188,0.522307744168845,277348,0.026176936993576816,0.9923172119178477,1,0.9497331160577084,-3.395004866443486,0,0.4709497094897125,159.87798779345624,0.6603458965807647
indie,Artist 39,Track 89,feature_track_89,1,0.9792796843476685,0.011770303225347223,137550,0.6294982429777413,0.7620079635881917,11,0.6575161241261278,-37.07726534699988,1,0.15436437849685714,68.9291876314615,0.1518973970242622
classical,Artist 40,Track 90,feature_track_90,90,0.41697711509305735,0.8878743565515191,222841,0.6334529945753796,0.9296169857520422,0,0.8991817640391174,-6.541553841415414,0,0.17605197601886557,192.06774733797783,0.09443134790492203
r&b,Artist 41,Track 91,feature_track_91,79,0.622960158016506,0.5471742782541644,342336,0.5196421431517984,0.16959357889988547,8,0.5298486121222257,-37.6092329141633,1,0.7983368907552217,97.7245755666449,0.07966525789035839
classical,Artist 42,Track 92,feature_track_92,96,0.9088843063903945,0.9022588892696392,269534,0.13098188056306492,0.682861398145803,6,0.9299995370967761,-53.6208094672522,0,0.3585040890677508,77.64096124173545,0.4782113976389313
hip-hop,Artist 43,Track 93,feature_track_93,80,0.7090224635418961,0.3980625388564113,260179,0.4066090343266038,0.3654019962512153,10,0.6839605807500274,-13.078774886823282,1,0.09232075090192982,65.97065892335327,0.3294123610120102
metal,Artist 44,Track 94,feature_track_94,69,0.42031773284803653,0.5360142041048142,148814,0.03244835031359494,0.7148438039527988,9,0.46538503874197024,-45.51744842020008,1,0.2673149958629353,188.48153087217875,0.3449381956059355
country,Artist 45,Track 95,feature_track_95,23,0.8755193742151088,0.2842856186287779,152090,0.08031032798297422,0.08867165090135842,2,0.5743527941773102,-49.73209480714579,1,0.5599213663736923,116.97755606090871,0.5816865247123554
r&b,Artist 46,Track 96,feature_track_96,92,0.7906093198761104,0.7051530336557709,312906,0.9745415244134473,0.16601065714056895,11,0.26044241517419775,-1.25684057043334,0,0.38460365323243595,183.8326057835434,0.9744747892702988
indie,Artist 47,Track 97,feature_track_97,26,0.882571271735892,0.014945382339501934,279848,0.46885480290676307,0.09539217865446814,5,0.32399828899711536,-56.61008236534825,1,0.9429180308278388,133.23875646881697,0.025782374520312512
indie,Artist 48,Track 98,feature_track_98,78,0.7781191755023805,0.617100766240675,307965,0.5091025883807652,0.686319751100185,8,0.6850723151772702,-27.20408102610927,0,0.998888468928564,136.90066208285768,0.07979641803611892
rock,Artist 49,Track 99,feature_track_99,40,0.8123047136077977,0.27942214795406717,178124,0.2640022086871532,0.1822949844024666,1,0.626967229542027,-13.719015724960322,0,0.7300520710558038,158.45180146028508,0.8949941541683191
indie,Artist 0,Track 100,feature_track_100,40,0.9368448357673964,0.07289294386891632,210280,0.18275017948249084,0.3414492157585921,10,0.7408636323830918,-24.51124014224476,1,0.32279318454192985,110.11417768286043,0.6340122826580227
metal,Artist 1,Track 101,feature_track_101,2,0.2270002069894662,0.038954533583901885,312101,0.6397298987236907,0.16792732315850256,4,0.9088322677999202,-5.152281644466711,1,0.12497388357114703,164.8997544481267,0.20815542235008444
electronic,Artist 2,Track 102,feature_track_102,68,0.4948060157545435,0.46986283297268205,259275,0.5485309713611863,0.07196784479103979,0,0.8452594317852026,-52.95625988924963,1,0.5672357400746031,96.30873460224944,0.17688383937843588
electronic,Artist 3,Track 103,feature_track_103,96,0.4455003236843492,0.5686285050543661,340835,0.805264584918688,0.8449190842421471,10,0.5371505420471866,-38.1505569112187,1,0.8663375544350747,159.0158156152559,0.355786172260252
indie,Artist 4,Track 104,feature_track_104,54,0.2534583519261149,0.7364070192585043,130914,0.6487345514277689,0.7996236010416204,5,0.37700820727171724,-33.83315079107591,0,0.5944989018453751,146.3201489241212,0.4848680438497025
country,Artist 5,Track 105,feature_track_105,31,0.5402436326941257,0.9841775473870246,342617,0.7849701085481522,0.014800094212574555,2,0.7104797225162345,-36.627834626756645,1,0.14959454623806057,189.91101605807387,0.586110020773602
indie,Artist 6,Track 106,feature_track_106,78,0.4241778437774395,0.7228650591269739,350957,0.6410298751094398,0.7044219052634539,1,0.5768365086966633,-25.883476454775447,1,0.05641310881200223,114.74521864242291,0.7516700726136318
jazz,Artist 7,Track 107,feature_track_107,21,0.7734618552811203,0.0078564508145621,334425,0.9796300117705544,0.9284117873569281,0,0.742121454838949,-52.67197185085246,0,0.393510110310028,107.9271524850314,0.28860350175746774
classical,Artist 8,Track 108,feature_track_108,18,0.30987856532115676,0.3898171870683347,307853,0.4028299039756539,0.5246229994405537,3,0.3897762917046538,-56.950285849015444,0,0.16499186398633647,101.03833949140179,0.1813263668540307
hip-hop,Artist 9,Track 109,feature_track_109,47,0.6938640812246105,0.7258235718364212,122275,0.6061402501430335,0.37653091689270757,4,0.37674842364014205,-52.07773157465026,1,0.4923485178257355,85.99680708041433,0.19713721737325873
jazz,Artist 10,Track 110,feature_track_110,69,0.7016966945917616,0.10573267549490262,350838,0.623397067233656,0.9450165934443939,2,0.6460752480805234,-52.87350546438738,0,0.46646137326826065,65.44419005969672,0.2732907752024585
rock,Artist 11,Track 111,feature_track_111,33,0.04482204593731165,0.10207005719637297,342454,0.07518010855909718,0.4682999347151574,5,0.3984592130800939,-27.7693123903668,0,0.15839574204315465,121.9984584741355,0.3354407279921069
classical,Artist 12,Track 112,feature_track_112,26,0.1679634791328959,0.9473781551976249,329144,0.21569619643044213,0.860100686659526,3,0.8723121080733045,-13.964389776985314,0,0.10147397374693923,162.5024771276402,0.14866948893556564
hip-hop,Artist 13,Track 113,feature_track_113,49,0.2866068501788468,0.7895565200201511,205111,0.4738893176766952,0.3810546354572888,9,0.606323682115112,-41.953987743657095,0,0.4118254220191241,121.50989955238325,0.08838912826873091
hip-hop,Artist 14,Track 114,feature_track_114,23,0.7290966683073961,0.9143698677136447,163733,0.7296579265796028,0.8915063309315484,11,0.9435264546718133,-51.61423079584796,0,0.7165602356968962,99.82951997361442,0.005770508913070627
rock,Artist 15,Track 115,feature_track_115,9,0.9078355096826618,0.4909930008149024,137886,0.7030295665062462,0.8205878746287715,3,0.6830643434220982,-37.88009066431894,1,0.7286203340762907,83.6765159856569,0.10206326921649878
classical,Artist 16,Track 116,feature_track_116,82,0.8530269480237369,0.5546702669701287,140972,0.1020568713211627,0.43163457170169117,2,0.18790947170104522,-30.19842257007317,1,0.0033429214903738513,139.00177464083686,0.6664839921740932
electronic,Artist 17,Track 117,feature_track_117,52,0.3881597411921571,0.07995047662893051,137150,0.43328551280250616,0.3200197043663585,0,0.5665728182977998,-2.9613717018715846,1,0.7964354392077099,66.55906848927951,0.3234014126692528
electronic,Artist 18,Track 118,feature_track_118,77,0.214532280656079,0.705085646621471,213887,0.45195798563883194,0.17840095702357095,3,0.07820384591562402,-49.026326907213544,1,0.17073654222607237,132.69011052111057,0.048483497827442656
pop,Artist 19,Track 119,feature_track_119,57,0.8577450215558046,0.3075135375483842,348919,0.13972866932540662,0.4363425372928438,11,0.5701570715024085,-39.17975318213439,1,0.4123307565184856,84.83488801902608,0.8878623505206612
jazz,Artist 20,Track 120,feature_track_120,9,0.6258275144146838,0.9602839564169152,311576,0.9624473327618859,0.349291129725257,6,0.3971309133728559,-5.205743162824497,1,0.847135138147296,186.15668056086236,0.9000960131227277
classical,Artist 21,Track 121,feature_track_121,98,0.3118607583480538,0.9072597978487676,297976,0.8332724227384783,0.2913288010420664,9,0.9638360567603218,-50.65395953041099,0,0.9873207553193638,88.11062104325427,0.8641839837987431
r&b,Artist 22,Track 122,feature_track_122,31,0.09359210124499084,0.11312905692148634,287584,0.7237750247037782,0.24427981562620404,6,0.6251981102492511,-4.336363567051421,1,0.09620063193761208,120.48635529779958,0.7978006616523713
rock,Artist 23,Track 123,feature_track_123,78,0.5309189778211656,0.2471999540384584,139633,0.2709701485417697,0.0602481473159201,10,0.9987226015677543,-37.7289045306073,1,0.22575808812996012,73.86788468307431,0.6566409944188495
hip-hop,Artist 24,Track 124,feature_track_124,19,0.7472712942925251,0.13813009853065583,290498,0.47116577444380003,0.3495530303485366,4,0.6827617914011216,-28.014702318883735,0,0.8464090076156188,177.0613702422865,0.36478515293329794
r&b,Artist 25,Track 125,feature_track_125,51,0.9598268128002162,0.34378478060324325,307285,0.4130726220319344,0.6113801018894921,1,0.7962551481972047,-32.4716423142232,1,0.1511310104963376,186.9700367636488,0.4670331278256378
metal,Artist 26,Track 126,feature_track_126,95,0.5867903283098426,0.9783199946195034,342004,0.6312496726502264,0.5465998737095837,2,0.05496964140018579,-28.801734342473374,1,0.1911985429070867,102.29225979386939,0.6565645152613709
jazz,Artist 27,Track 127,feature_track_127,1,0.4077069851160151,0.8958748643245725,292212,0.9294407268994886,0.7811994362089434,7,0.8928427938603001,-14.12114985129022,0,0.7198944512639105,84.7799842810381,0.035992247945793365
rock,Artist 28,Track 128,feature_track_128,0,0.09005944014878908,0.31885823360327004,321974,0.10945615146988419,0.29356961528838277,10,0.8537553883005558,-51.94992430779159,1,0.28061937222860456,77.12565870935614,0.42114154989173314
rock,Artist 29,Track 129,feature_track_129,54,0.5901156490261277,0.48316313973352965,129550,0.5287415048768256,0.0724124850669674,8,0.4141697477335545,-27.074881687124247,0,0.21686738698121621,166.74272762362187,0.005149699448419254
jazz,Artist 30,Track 130,feature_track_130,91,0.3025002853999246,0.56514346212719,345337,0.8722482808916198,0.6214958358851962,1,0.5164450522990972,-39.86274093370213,1,0.8592639496280002,87.79594355404672,0.6157089496569313
country,Artist 31,Track 131,feature_track_131,66,0.47262238744342655,0.667732303382872,287749,0.8192564708121745,0.8547370308194248,10,0.8395417613498433,-29.674830570688783,0,0.4473519564790075,176.68376641835172,0.21573994006736408
electronic,Artist 32,Track 132,feature_track_132,97,0.5733854793131653,0.2352304975619448,120213,0.4756304293070316,0.08862168995954445,5,0.851707188986536,-13.955155047019403,1,0.5902545896914604,61.01751732901159,0.2937088880654596
metal,Artist 33,Track 133,feature_track_133,66,0.883650055121921,0.5063725912629738,202295,0.6883644534645977,0.06774997882371181,11,0.20352172168173766,-18.759527915422893,1,0.7066565196968303,90.43819162999915,0.396951099581473
indie,Artist 34,Track 134,feature_track_134,80,0.9801729735579685,0.7289171847266281,208290,0.5277314202181816,0.7773839787563591,6,0.17966546876656486,-56.801073250921725,0,0.5446968593736423,161.13606996672024,0.34550290227773006
pop,Artist 35,Track 135,feature_track_135,92,0.6609075075405568,0.8874934602612452,156322,0.4944484282838497,0.09333952594441863,0,0.41319098917506447,-5.488924868630065,1,0.02356463644659057,77.16526413635424,0.18128979087510144
electronic,Artist 36,Track 136,feature_track_136,82,0.8013054437822094,0.12275125974763179,261805,0.3479481677022116,0.3808629362008217,2,0.30472170588396297,-51.83984988260363,0,0.45719647418033893,131.8107946284169,0.8877883006483829
pop,Artist 37,Track 137,feature_track_137,26,0.015438954751500367,0.940171144492713,326978,0.4657612344993507,0.6613593908233882,10,0.7655142794855442,-29.54979508226971,0,0.15996848376420136,119.08997258614798,0.20412237206334927
indie,Artist 38,Track 138,feature_track_138,84,0.322120476820295,0.8370925836637294,178438,0.9875317793204793,0.45221596208417447,5,0.10816161547523206,-53.3243263959165,1,0.4871894667376352,75.81581898923537,0.21575323548391712
country,Artist 39,Track 139,feature_track_139,61,0.584623592998918,0.06018983851688753,254901,0.613384875049501,0.21180268489219967,10,0.5352437078906515,-5.892249552659159,0,0.9905026695998451,87.3462532757344,0.3932948439399736
r&b,Artist 40,Track 140,feature_track_140,46,0.14562245872968238,0.5154453820616297,211866,0.6534704332600738,0.6484220778811406,1,0.5656238565075229,-40.097328575918425,0,0.4922518735167918,169.93343913207286,0.13773736432604178
indie,Artist 41,Track 141,feature_track_141,36,0.8080227940154819,0.1097905509656345,312700,0.1362873550678143,0.9265332456510562,1,0.14225164090888753,-30.435252198467122,1,0.2617760463276759,77.05152575281156,0.775224179258163
indie,Artist 42,Track 142,feature_track_142,27,0.5736098902365726,0.42484522921221224,173219,0.5670665136404739,0.8635127513591495,9,0.3144921063049688,-40.73153656833908,1,0.9422711453225221,144.68388706254106,0.7091028568320514
r&b,Artist 43,Track 143,feature_track_143,19,0.9580681552021074,0.49299054483247284,150825,0.49975586305196984,0.7159515534723713,8,0.6352517712829014,-41.82217001260291,0,0.7771309935480735,146.44170686072513,0.9756584705706584
rock,Artist 44,Track 144,feature_track_144,23,0.9625374734685113,0.7443774241409158,167903,0.9509193493730801,0.10473977947445445,5,0.7828967984208411,-51.8779057068939,1,0.46235553704161025,102.59314969551775,0.5408583494918766
metal,Artist 45,Track 145,feature_track_145,38,0.7771268336027304,0.948887021725236,256177,0.9935306651068865,0.39030983349770454,6,0.6231115191910283,-52.11107802973722,0,0.14854787687793347,199.45898277480737,0.08091787793465743
metal,Artist 46,Track 146,feature_track_146,51,0.1037203500201268,0.9170654847580718,260374,0.1604645553731332,0.18421518387067914,6,0.5665024075135607,-49.667255545375546,0,0.9048448799542449,131.56625074670114,0.07801589177962065
classical,Artist 47,Track 147,feature_track_147,81,0.12564162279504365,0.8525717607953223,156049,0.34055309264957323,0.8967430353585911,0,0.5787160324045869,-25.15892156610554,1,0.7440735753535477,195.4370032926432,0.7342123815337681
metal,Artist 48,Track 148,feature_track_148,39,0.005629493101848904,0.015935821870959654,192173,0.3427076399956712,0.44673631339857756,5,0.9586856953150352,-19.127642896700536,0,0.6037161571784567,109.8789229308727,0.4596862842182583
rock,Artist 49,Track 149,feature_track_149,68,0.767775028138924,0.14129754269403694,285239,0.2523238061028671,0.018547871918695114,11,0.904399547859304,-57.04732370161907,1,0.7114731015206182,182.6982178316888,0.7157112415364404
country,Artist 0,Track 150,feature_track_150,4,0.12255672000117201,0.9210871881790001,168786,0.7462546536907785,0.024251361956348694,3,0.12704368366760355,-12.740199492204454,1,0.51071616301401,74.91711751328783,0.08559576920539269
jazz,Artist 1,Track 151,feature_track_151,99,0.3541083119655759,0.5894580943184784,152213,0.5917769253038014,0.12371176535123984,0,0.8251061525850953,-33.36260791821736,1,0.8943214877197753,135.07689246822355,0.2175904505648415
pop,Artist 2,Track 152,feature_track_152,81,0.22404943660754173,0.38987836647761065,144060,0.8391033237527591,0.023985615576575192,8,0.8103533541968367,-28.455686150525807,0,0.8318823577513703,72.92027004708895,0.7164289642056655
rock,Artist 3,Track 153,feature_track_153,50,0.3973717182892168,0.1808618560453512,136584,0.2902066534279327,0.678580067448475,7,0.41796087852948505,-56.74114205702243,1,0.13307876811099684,164.70635154406125,0.49117964960432725
metal,Artist 4,Track 154,feature_track_154,62,0.9056313992116845,0.07633199684415704,313054,0.12214030396568087,0.5258962251647274,1,0.92490711732707,-24.21038073224571,0,0.4690429192668849,197.8193829343067,0.2898027947548173
r&b,Artist 5,Track 155,feature_track_155,21,0.8770154149446394,0.5310092503761896,187966,0.4525022248404573,0.46790854627546297,3,0.6767183986890081,-23.878067490707593,0,0.23243648521178417,174.39099768693404,0.636710283622378
indie,Artist 6,Track 156,feature_track_156,3,0.6906973377821614,0.9078530510324154,245704,0.5273983018701093,0.4412190506315865,8,0.34562430039897296,-47.932709064655555,0,0.043335328785319094,77.4144406914256,0.5215157891017873
jazz,Artist 7,Track 157,feature_track_157,99,0.4837223311166716,0.5945276024020842,284983,0.916712811338237,0.5826525626787171,7,0.1142065060085965,-31.68422514397475,1,0.9710978327739842,91.9099277677015,0.266340766204329
hip-hop,Artist 8,Track 158,feature_track_158,3,0.7437537534293545,0.00936484301192797,356595,0.938639737844611,0.013159731335112057,7,0.40451568716762454,-1.2521226395070713,1,0.9795860659581982,138.41202543120357,0.26224467976101207
pop,Artist 9,Track 159,feature_track_159,40,0.7210021382415281,0.4287013928004352,213147,0.8833773612997191,0.7038332949746576,2,0.8279001942968764,-34.99582166296243,1,0.08059162372899009,136.99074393652708,0.18023684275221818
jazz,Artist 10,Track 160,feature_track_160,48,0.8891012245519135,0.3798205679672003,152663,0.798883166306976,0.005080073006284325,8,0.20997275964331363,-7.165550666525533,0,0.3384584961404501,175.62536073612145,0.8405166601641206
hip-hop,Artist 11,Track 161,feature_track_161,71,0.7007424697113841,0.1291585294725469,279591,0.425536400128786,0.27189072228402744,5,0.27220432191656674,-35.06028781351978,0,0.7375424781488896,178.53675114799404,0.9010227112644824
pop,Artist 12,Track 162,feature_track_162,36,0.1150540494498683,0.675080575131886,304371,0.6435937005020094,0.29043491860141957,9,0.3692342081750296,-3.214188680511157,0,0.09603861030049088,192.60593148557703,0.3013451920328436
hip-hop,Artist 13,Track 163,feature_track_163,15,0.48277131676267415,0.4393808883494653,312338,0.8316611733614491,0.6937341858665146,3,0.43247563318364834,-11.574853882774676,1,0.21510927243466937,170.72867475599446,0.4328313298739612
country,Artist 14,Track 164,feature_track_164,26,0.9672182178122446,0.746162097865357,218031,0.7674347092134124,0.8906753860310965,7,0.288044050747048,-35.67757179813499,0,0.6689126439372644,101.7171251511864,0.10641622612692736
r&b,Artist 15,Track 165,feature_track_165,20,0.19150687582557624,0.5947888229039145,227690,0.272194952925614,0.7330384209119074,7,0.5717915876538825,-24.8011326814148,0,0.2555866257701378,66.3373874932348,0.4889750163501143
classical,Artist 16,Track 166,feature_track_166,96,0.7375502098256298,0.3649332562397595,215965,0.29881109679346607,0.6462137133731064,2,0.7885139154963657,-6.131725392686086,1,0.9520171337712527,194.35031641076338,0.02411286284776859
metal,Artist 17,Track 167,feature_track_167,72,0.3072317896700706,0.6529292278666549,301087,0.8534293925361486,0.10284274771830693,6,0.16155982584316175,-47.634576352013916,0,0.9775297809717657,147.61550897071365,0.09991306382422394
classical,Artist 18,Track 168,feature_track_168,59,0.15091061558655627,0.3010912068643118,237364,0.33538863856055,0.39060775983189744,6,0.17843261777975172,-45.221039610742956,1,0.09749731856092392,148.30431042053777,0.8157733458846073
country,Artist 19,Track 169,feature_track_169,90,0.9483047578612566,0.9866832682822883,278180,0.07096136995873192,0.8800113260127421,5,0.112758908979261,-8.49775401183691,1,0.770851811010865,61.41472107459082,0.5560040748777916
pop,Artist 20,Track 170,feature_track_170,61,0.46194075171727345,0.488708372335539,251951,0.7428622077471694,0.5878907154570823,7,0.7658393145714604,-45.30232200194268,1,0.9731294757371007,96.43436142971674,0.2588671865555078
classical,Artist 21,Track 171,feature_track_171,19,0.04588547852546632,0.7223047025887261,342190,0.8780842915676059,0.25708116285704485,2,0.14512553070824652,-24.369016722094372,0,0.480423787100401,139.48916351775927,0.017748193758232
country,Artist 22,Track 172,feature_track_172,84,0.3196775326673257,0.17849849296134357,353823,0.6920397148310925,0.5602153428948808,8,0.55226507209107,-42.418211370423705,0,0.5528016660437619,110.06835885404485,0.9428111322523121
pop,Artist 23,Track 173,feature_track_173,88,0.862256548592645,0.7759299757647286,183980,0.3604285256114773,0.111559731324399,9,0.8153502650011402,-30.345380213254355,1,0.5504732499529694,183.80811353156778,0.7303510771471847
classical,Artist 24,Track 174,feature_track_174,48,0.1950601267136377,0.15617735408861222,245813,0.7886980147463795,0.26726861736479257,5,0.8499509428376062,-46.39790344532946,1,0.11595799804405615,180.15377439577563,0.6128279451757697
country,Artist 25,Track 175,feature_track_175,22,0.04945363056615826,0.48563457692092515,241100,0.9587772914912316,0.2696505442736733,6,0.8152934771935679,-9.843415735801656,1,0.46196229653394516,159.6214917194772,0.25476624451144037
jazz,Artist 26,Track 176,feature_track_176,89,0.16989966020363767,0.4849185922230359,315833,0.24493857646710238,0.4053373239363578,5,0.4000744836404351,-36.53627503550954,1,0.1741765217862995,91.09407674123837,0.1878119353357598
country,Artist 27,Track 177,feature_track_177,35,0.644513634809654,0.9030593627049621,155941,0.9426917560163727,0.8400543486934585,6,0.5720577799043406,-49.26927934793203,0,0.18350160858293263,147.9767158809468,0.06618969546980236
r&b,Artist 28,Track 178,feature_track_178,60,0.990324311046253,0.09252217419341346,266260,0.40420083149471475,0.5879426231878491,10,0.6139557586327932,-49.997984471794794,0,0.9791274772203753,154.20480895532165,0.39530825543305204
indie,Artist 29,Track 179,feature_track_179,7,0.1385081547069993,0.6549096050400588,154999,0.6195601186558279,0.11332365195478433,3,0.421874389952953,-44.13401751444832,0,0.5358004727712968,94.61793864935545,0.7527845559516735
rock,Artist 30,Track 180,feature_track_180,62,0.11735053833789932,0.0020599938777958737,149316,0.6219630201309491,0.6036393151675866,9,0.8294197993470545,-47.348830310167386,1,0.8893120580367732,72.1014112230761,0.3414084953343811
classical,Artist 31,Track 181,feature_track_181,7,0.2643856192228058,0.48407622537170536,194319,0.47920199455733925,0.3261862987213917,8,0.10645518989074665,-5.5269944245167295,1,0.9963206240513311,138.7620361429643,0.4918577170409163
electronic,Artist 32,Track 182,feature_track_182,12,0.1370109523948818,0.19933054876619694,315768,0.5526188158509213,0.7741045878800025,5,0.004081433755760644,-59.36156301454236,0,0.31853802667944997,85.63229580057944,0.9344684861895822
rock,Artist 33,Track 183,feature_track_183,68,0.8558975326531393,0.41519435944814,338089,0.2509933662622029,0.9269671385081822,0,0.3680656398676586,-54.36918770494194,1,0.8291769332347683,163.2362984026168,0.9452012010084592
indie,Artist 34,Track 184,feature_track_184,12,0.7725576595553972,0.8552738794147159,198291,0.967411679707744,0.432616224908037,9,0.06683750745908079,-6.345055348583351,0,0.9117850957238997,171.931881677749,0.4293999321546996
pop,Artist 35,Track 185,feature_track_185,83,0.8179223624696865,0.5260149647895126,254884,0.8798146525913106,0.018782757934014183,7,0.7289012054516316,-27.469508962579503,1,0.3208642039258407,196.88525004557076,0.8001243235931226
hip-hop,Artist 36,Track 186,feature_track_186,52,0.4484682223238612,0.6844586317463988,248883,0.04371405653313554,0.5985314994070512,3,0.8286099540406293,-42.86780457538957,1,0.6528216249858458,60.839949337660926,0.6344578489673433
hip-hop,Artist 37,Track 187,feature_track_187,5,0.9657978689134691,0.4606065074989697,244299,0.03900905415242906,0.003795411571381968,0,0.27630274732395255,-37.51378187737154,1,0.9864354192029942,180.7779024569512,0.8520740035298273
r&b,Artist 38,Track 188,feature_track_188,92,0.7895113397789684,0.8798814334020195,330156,0.11912438121360636,0.4506364101028252,4,0.0712792539863355,-43.317699374365425,0,0.04032221666363567,73.44544351314433,0.1599347587230493
country,Artist 39,Track 189,feature_track_189,57,0.9483961611323067,0.5772906938299854,163373,0.8450984453859732,0.8414475606689555,6,0.9266060734211163,-20.21529713746672,0,0.6465068765095683,68.80978773692473,0.4173070710750354
electronic,Artist 40,Track 190,feature_track_190,12,0.16327918288315513,0.19099047516863576,159934,0.021718877949279736,0.3537836488156204,8,0.8254919759980055,-24.821348814893476,1,0.5074247113247847,170.09128974332606,0.8433463354587065
pop,Artist 41,Track 191,feature_track_191,56,0.7572666687958187,0.7777125297761723,356023,0.3199888971152878,0.06010410439560154,3,0.7951652090473316,-57.52690713728719,0,0.3987759627847909,180.02086106466203,0.5419587405916981
metal,Artist 42,Track 192,feature_track_192,9,0.8617513582617954,0.19229209823262527,152382,0.5797360882739989,0.3667525486805102,2,0.9506869567174934,-11.344944827875146,0,0.14320537897596963,144.137560095296,0.0967334449383751
classical,Artist 43,Track 193,feature_track_193,80,0.2789426615882431,0.8428955167860742,341087,0.9138014403191203,0.8681173964099305,5,0.9200493048823758,-35.693085304074486,1,0.0731391879644504,174.1648870163366,0.3164276657055446
pop,Artist 44,Track 194,feature_track_194,34,0.087666585622725,0.8978354110419678,177478,0.3987059793591413,0.4142687734701129,3,0.4579712697211292,-28.703824797923538,1,0.6124313695561072,177.7977987487339,0.44511283990657424
indie,Artist 45,Track 195,feature_track_195,29,0.4419877619518625,0.6510965258105649,344827,0.25000524510784816,0.676393402188163,6,0.8704474890375326,-40.36205068020767,1,0.7558829264268522,124.14608747421428,0.4892345288964143
indie,Artist 46,Track 196,feature_track_196,47,0.8047887985801608,0.7616135221586632,170299,0.7594153182439889,0.08679380138908943,11,0.6616431488843441,-57.21637338684165,0,0.3883815265806372,155.29152420910577,0.7864824365357794
rock,Artist 47,Track 197,feature_track_197,73,0.49904478376361305,0.3381353072619909,223564,0.3036064725662915,0.27424935551995344,2,0.07231602480258059,-5.14152210351719,0,0.9656525279102735,192.93676614972935,0.7593862560141647
indie,Artist 48,Track 198,feature_track_198,97,0.8651475871652974,0.1470247817303838,247732,0.06509513752194751,0.8705572753233691,11,0.34403726577208527,-57.9153947465758,1,0.7940660989003703,158.20787079036023,0.1446522239709842
rock,Artist 49,Track 199,feature_track_199,71,0.9063150663409095,0.3578152799770614,347665,0.1907585240155496,0.9971903924760384,10,0.04323866138340193,-13.442673150174635,0,0.5543300897488701,68.90518702205557,0.5543810008153387
country,Artist 0,Track 200,feature_track_200,39,0.5310283094256073,0.11290884530473078,208864,0.6148541180915853,0.39083488086058515,10,0.949094558590364,-36.23689905974665,1,0.55909228607008,100.73182146602095,0.2498466889352552
pop,Artist 1,Track 201,feature_track_201,66,0.009067113221536527,0.5266088368501077,192118,0.35520333261707804,0.18986889942179896,6,0.9934271332097173,-7.8213912138132855,0,0.6830338150514786,123.59948592211937,0.4013672701505694
hip-hop,Artist 2,Track 202,feature_track_202,74,0.7607676032785171,0.315103532397607,220196,0.6232878148482436,0.24522215456364582,1,0.8471211797739859,-46.448138740426316,1,0.4881979894822157,138.6664446135366,0.11841982221923719
rock,Artist 3,Track 203,feature_track_203,39,0.6751514476283385,0.3337169476114046,239291,0.777726119131278,0.6007040114454413,2,0.6515913503324241,-19.049385714557914,1,0.26796845975059735,114.14974473433654,0.8169047186517581
electronic,Artist 4,Track 204,feature_track_204,44,0.18116619474626705,0.9779902636933598,262457,0.16002555320806877,0.01745991832607885,7,0.3613665584842779,-44.5921086120034,1,0.7229003118576205,171.62969046507038,0.8085093286681588
metal,Artist 5,Track 205,feature_track_205,78,0.839149506359144,0.14364859299777677,162140,0.1803860400841657,0.903542728885117,2,0.16621721148364488,-46.14001384535232,1,0.6205730573576064,151.27974106827338,0.918308475523731
metal,Artist 6,Track 206,feature_track_206,44,0.2758338093966506,0.5433412812376673,235035,0.5348970125983996,0.8262273628099326,7,0.08634779173900586,-4.779446990922828,0,0.08915371384295578,92.66108272728584,0.7935346634316449
metal,Artist 7,Track 207,feature_track_207,68,0.800011811333069,0.621361918054006,300323,0.9500787321388541,0.006945417541338927,0,0.9790534380534286,-41.08968209407526,0,0.35028796272932916,175.20100775999686,0.8526736945514979
pop,Artist 8,Track 208,feature_track_208,3,0.44944733467322906,0.8145407920306728,314532,0.826685902868625,0.09701696391188042,7,0.4416678830329047,-48.88222321774633,1,0.5121604685672854,156.69543401643148,0.12717276833996438
electronic,Artist 9,Track 209,feature_track_209,38,0.6339196203167139,0.7998623619302383,158819,0.6423297415618481,0.48842892777314184,1,0.8219696302611782,-19.06674436142867,1,0.10648602440060517,73.18327418211334,0.9405816523484934
metal,Artist 10,Track 210,feature_track_210,41,0.035842161856302734,0.7833170355702713,184300,0.5627918490705809,0.851466463778657,5,0.5631223757440755,-42.73647492602616,1,0.6822188123654637,171.04532627315936,0.5875520376861308
electronic,Artist 11,Track 211,feature_track_211,43,0.12688417954483744,0.646688793047465,273942,0.49157506380105587,0.057836889805668035,3,0.2620806903346108,-51.8000293339643,0,0.4067305901947246,77.5557714344397,0.6323204200788182
indie,Artist 12,Track 212,feature_track_212,38,0.24197674458786966,0.7455599223160254,171145,0.5398472931462222,0.1857371446862368,11,0.5467710921978867,-24.779442106928556,1,0.07676972511582614,121.12942138437899,0.7336474383266283
jazz,Artist 13,Track 213,feature_track_213,93,0.7376206727121319,0.9187095551431063,249879,0.8348470999942419,0.65900769190163,4,0.19289488986842362,-38.221200668461,0,0.9435267638848773,199.1494430931921,0.33082431784625677
hip-hop,Artist 14,Track 214,feature_track_214,64,0.43243475027153067,0.3426046250195096,256458,0.9070665112579361,0.8428821800268453,8,0.7583038102681542,-41.85047850239779,1,0.28130488541461895,138.35828908662575,0.7576994763844429
pop,Artist 15,Track 215,feature_track_215,94,0.5367869095118555,0.23918293509903688,224661,0.8754411193823269,0.8509222622362799,10,0.08200296533217633,-8.812306920462895,0,0.30752331668686617,176.38481360765434,0.39406389908569095
electronic,Artist 16,Track 216,feature_track_216,36,0.32256432620412534,0.20578473611882275,334013,0.5834209986804227,0.3052100869285067,0,0.9042578675372056,-15.608083221520644,0,0.8522601863260014,85.06976764514766,0.7010079004953282
electronic,Artist 17,Track 217,feature_track_217,32,0.42776404768499876,0.5883460107681271,259212,0.48607334851483386,0.6441332371398955,5,0.5058751094010193,-28.444142472887254,1,0.3618566682688813,67.5971917731579,0.19993201872481736
pop,Artist 18,Track 218,feature_track_218,91,0.6333467353575062,0.2756909871911625,332555,0.18819025786127264,0.05443241721583936,6,0.5347320776002525,-46.26716838097034,1,0.09565329495977093,128.1240740057394,0.9663396701701904
rock,Artist 19,Track 219,feature_track_219,77,0.18413226598725085,0.9678870409084461,291648,0.9613963583067743,0.5692615246686181,11,0.10586185469158205,-16.1513604559441,0,0.3934299774257246,180.97969752012295,0.509244939136174
jazz,Artist 20,Track 220,feature_track_220,96,0.4195300692933094,0.4823904095740805,209449,0.3056768846391309,0.9892546805148477,1,0.021928612917176293,-12.693067181616435,1,0.019331343099117992,180.08867145588397,0.7960728966205701
electronic,Artist 21,Track 221,feature_track_221,96,0.6773123477530291,0.9198070479804848,152413,0.41908936115457707,0.795665241384402,4,0.5389925725968481,-54.64127344216368,0,0.27034399574596535,114.07428222716905,0.6722401078138971
electronic,Artist 22,Track 222,feature_track_222,88,0.8485649912046576,0.7606326348777799,322839,0.6746163780927216,0.42281723938877425,11,0.8961391668187861,-14.212779591794714,1,0.022433842476483723,153.88700963559066,0.40034595383387894
hip-hop,Artist 23,Track 223,feature_track_223,19,0.4167217524333281,0.993221569579126,246823,0.6330052185850016,0.7861265616604395,1,0.248955524618095,-48.83499484883471,0,0.48581320496178326,142.6965056126745,0.13124652840080464
pop,Artist 24,Track 224,feature_track_224,39,0.7391741706983642,0.7436420199323293,154455,0.18409423204226594,0.7116354106994573,10,0.8956716201559667,-8.693086645147694,0,0.19865899719371538,67.51386255678781,0.39507933604129164
metal,Artist 25,Track 225,feature_track_225,48,0.07390210856991697,0.44851634684315,343545,0.9540462103902915,0.6774496939299905,8,0.1504149684811894,-33.69807455923375,1,0.6819416711675238,166.9504037932744,0.18972045230209
r&b,Artist 26,Track 226,feature_track_226,88,0.5437390949962715,0.529432552048099,230690,0.7645248318958779,0.20947208134597362,7,0.9744836910998703,-21.38049344380778,0,0.893169103216956,136.7399408021483,0.8123507551853097
metal,Artist 27,Track 227,feature_track_227,62,0.3390995424536076,0.09052491113283034,147569,0.09747889266884979,0.9129565153790875,5,0.16996961156906698,-45.338893887000495,0,0.31218886501497034,150.7489678532785,0.5876867746904594
indie,Artist 28,Track 228,feature_track_228,87,0.4470965067851529,0.7294178314847377,336198,0.4538856760801966,0.3711360458376233,0,0.5319415576839313,-12.837170428813614,1,0.5575729345795266,96.70414728263178,0.3302772884496976
rock,Artist 29,Track 229,feature_track_229,27,0.15796737964812813,0.4481514070956699,160765,0.15681704715976852,0.5052140535948922,7,0.48833394315846723,-3.6083152285435816,0,0.18315673356717077,197.4447725611622,0.30827480609894453
indie,Artist 30,Track 230,feature_track_230,95,0.1536184724582682,0.48686888669674955,269983,0.1200606365829926,0.6124632502523591,8,0.1179723572667345,-29.85001815374162,0,0.927145164617531,60.81422276339169,0.7616012195297301
electronic,Artist 31,Track 231,feature_track_231,38,0.4882138079281677,0.067097159191422,129176,0.02916467343208129,0.23980728728970435,10,0.6287755487222104,-43.78501068945513,1,0.5235860660142261,135.13181492644134,0.3700295336218724
rock,Artist 32,Track 232,feature_track_232,17,0.6392047333875674,0.7967370543306246,193171,0.6017966768057119,0.5127614874774151,0,0.594067590579131,-26.406788052137912,1,0.4850072818605168,122.48263426284285,0.7706642934146992
classical,Artist 33,Track 233,feature_track_233,60,0.8534973903771248,0.18623496229635272,179384,0.44096967383036834,0.3479700029137439,1,0.5590913977817817,-44.20973981832205,1,0.3121515116646858,121.00843102584014,0.4885275573894996
rock,Artist 34,Track 234,feature_track_234,60,0.9237513970991376,0.28307757679231893,130138,0.40838174838236097,0.6502091227178015,5,0.9109230223777485,-26.221648065374872,0,0.6371012176337437,90.6701558684741,0.7731840911159715
rock,Artist 35,Track 235,feature_track_235,75,0.7253280643660642,0.6251280545297049,292177,0.735960305574779,0.6201628748969921,5,0.7993208942625225,-59.29937008724195,0,0.45901426828025926,149.01973989615433,0.02872756753449668
indie,Artist 36,Track 236,feature_track_236,35,0.3387429254997951,0.7413800584161305,300210,0.26592338477702215,0.24344882054356487,7,0.8393710551074979,-43.99826654224026,0,0.5685131178855434,144.95447756430366,0.3905984644209952
pop,Artist 37,Track 237,feature_track_237,89,0.41112759228402096,0.09362668631673576,207106,0.849845380000739,0.6611827698070483,2,0.4330531034572771,-32.523660320897534,1,0.8872182086212499,99.30093282368162,0.20315557581197974
rock,Artist 38,Track 238,feature_track_238,25,0.6145234209911087,0.2516686333537427,165828,0.3524695314762831,0.25814095972709006,10,0.640047616133405,-9.847509575243912,1,0.2770068266909106,91.037039084459,0.02118398681998246
rock,Artist 39,Track 239,feature_track_239,84,0.7464952391125961,0.8785889064812303,125578,0.05579380247456178,0.4046640431079608,1,0.4529025046403423,-16.361189066411825,1,0.22342683020933773,178.053405855346,0.30970348555140537
jazz,Artist 40,Track 240,feature_track_240,66,0.48607471245884637,0.9217630514421508,213419,0.442582730640095,0.11591652906983596,9,0.2046459802928643,-28.98363241170909,1,0.38590666370507154,199.3995050230389,0.2716024515342883
indie,Artist 41,Track 241,feature_track_241,24,0.6732662053431976,0.5107629419008239,292722,0.9156036545175391,0.5342308081205323,6,0.3269179657593124,-57.52251536436697,0,0.11744544555205116,129.93813970075738,0.9733014592169205
classical,Artist 42,Track 242,feature_track_242,40,0.3051294402049787,0.9969878167951356,321993,0.5057937078820368,0.8120008400488686,2,0.2665077813809872,-17.941105921443707,1,0.04995321112739903,108.64796691060613,0.43023950068440164
jazz,Artist 43,Track 243,feature_track_243,17,0.15227316071336572,0.3343718658382001,198298,0.4159742941290936,0.7146943309902942,2,0.27508606678551883,-5.820922100988128,1,0.20906283855721575,149.10445898020583,0.4607235236558276
indie,Artist 44,Track 244,feature_track_244,73,0.41468329484544675,0.39500165511289054,335393,0.018075704917866697,0.23778136336275102,7,0.7119947168986408,-17.937624486791,0,0.783794867714021,192.67698212565105,0.5596114237066759
r&b,Artist 45,Track 245,feature_track_245,43,0.048226246479782575,0.5450590023538392,123541,0.30085857827392093,0.7128645954554904,10,0.9600975070867578,-8.44966553756403,1,0.07711999774114309,115.60880481735299,0.011457402558350371
hip-hop,Artist 46,Track 246,feature_track_246,24,0.35968806154367483,0.04368710411766297,327176,0.20532497547225814,0.3094963400189942,10,0.9437868230680714,-19.13711856970354,1,0.7360157048590623,197.9647436783648,0.5429626801731704
hip-hop,Artist 47,Track 247,feature_track_247,65,0.3728846617940974,0.38555743168190826,291108,0.9193409918959136,0.508072016895368,11,0.9040646728116168,-2.6279894275898172,1,0.3352399012119104,149.34553496791767,0.8590336317767375
r&b,Artist 48,Track 248,feature_track_248,95,0.941698247158122,0.6822556158535139,298731,0.98799383943374,0.8267875175019125,4,0.05707879675266514,-50.978177434839104,1,0.5041805666148901,179.83051817533146,0.6395415893757779
rock,Artist 49,Track 249,feature_track_249,72,0.3191336215698808,0.03335427242161615,219528,0.6876332874161541,0.5277377724271541,9,0.26121132823750304,-59.8220714137817,1,0.26775913927922934,192.3486425030392,0.23645280347838338
electronic,Artist 0,Track 250,feature_track_250,50,0.8541101744578656,0.9257092546141743,165163,0.2741066101725219,0.06188479244138667,6,0.3029465503505252,-18.414874736562645,1,0.010767265888369515,82.3961332551353,0.39416029869642766
pop,Artist 1,Track 251,feature_track_251,32,0.4079443263790711,0.6344945925101266,298063,0.4121869496316277,0.680434029306684,4,0.33304552838610557,-49.278666120722185,0,0.11537016549859769,71.64812149208802,0.8487729069820694
classical,Artist 2,Track 252,feature_track_252,84,0.881508028708691,0.3514623310556868,243769,0.9807225691144598,0.28334781399951037,0,0.20898433843033093,-15.39947871715733,0,0.42862297265109417,194.55218489842713,0.42401604286954775
hip-hop,Artist 3,Track 253,feature_track_253,81,0.9186727397353747,0.10569239724178936,223147,0.7324015430297068,0.3636867340794109,4,0.00019236993217863763,-44.093957065090684,1,0.09946289921653162,64.17215270867797,0.9638646425260684
country,Artist 4,Track 254,feature_track_254,14,0.03096859837793342,0.9821398346450859,179897,0.32769110710861393,0.12428829104187822,6,0.0525963468974282,-54.88995094961278,1,0.8295871847351437,157.5866671941091,0.5354143559909268
jazz,Artist 5,Track 255,feature_track_255,1,0.5673944553178628,0.8124194742017514,283429,0.7744666915113886,0.2352501670504572,10,0.48148018279336313,-15.662882000490868,0,0.1553212793576304,107.1014302331642,0.37613840392837317
electronic,Artist 6,Track 256,feature_track_256,24,0.8850313772943218,0.9476371509210941,298738,0.7000417505157971,0.7594946885768582,6,0.20635304944594324,-51.173612214333154,0,0.7166269391069822,162.7275522206577,0.5983679829408622
r&b,Artist 7,Track 257,feature_track_257,71,0.7950170023474531,0.601299942519357,335879,0.8332995861780139,0.9783100453271898,11,0.6645259500492241,-57.440065028878784,1,0.1466413406159338,176.73501410849897,0.686009725619259
indie,Artist 8,Track 258,feature_track_258,83,0.3982805633150287,0.4769356561203748,128633,0.10968778860204975,0.8790482852141719,4,0.4341652719190763,-41.40415107927616,1,0.6806753738388874,89.9675489413158,0.129467866290767
metal,Artist 9,Track 259,feature_track_259,59,0.6224957523191054,0.0632324369540821,172145,0.3449789291081091,0.37247647862458455,6,0.0160757656662196,-11.427071462561699,0,0.21960273244145467,64.95003150052628,0.7395001029677639
indie,Artist 10,Track 260,feature_track_260,76,0.30585793763460833,0.7518012195053481,316942,0.7129974317445645,0.7868007283288472,4,0.4505533944812229,-18.026482824165583,0,0.12997021122554298,81.27749764402313,0.11382202381643414
metal,Artist 11,Track 261,feature_track_261,57,0.5945439987022105,0.05098091938550853,252065,0.011282556700934143,0.11241731393587362,4,0.039052125884315725,-37.69950918025077,0,0.2671618346929304,125.15496114435587,0.024482492877283435
hip-hop,Artist 12,Track 262,feature_track_262,28,0.45450390809965324,0.7213278334558275,206707,0.5386659027881214,0.4803990273416613,0,0.5343991745529041,-26.703225612679233,1,0.39542229547724006,119.72053160853409,0.5745011877793882
indie,Artist 13,Track 263,feature_track_263,91,0.43800338083708,0.012106343610400305,252039,0.43987038503784237,0.698083484745992,11,0.22288275974797422,-38.77361870624078,1,0.8202271930933591,163.87186418326155,0.8341996427273617
indie,Artist 14,Track 264,feature_track_264,4,0.840089897438398,0.4983081071545721,292072,0.7250811698493301,0.7787552512778265,4,0.9821699618659122,-30.105787466322052,0,0.3075599126842131,181.73613836031018,0.572464001186507
classical,Artist 15,Track 265,feature_track_265,61,0.7716232976334234,0.14659337366516234,239703,0.7619950406780848,0.300815784669076,4,0.6786483755818643,-1.7220401253381894,1,0.7991198665661287,155.30890401903844,0.01876237899594102
metal,Artist 16,Track 266,feature_track_266,2,0.9380806443076687,0.9389676397215444,275636,0.913538563805691,0.057695034835647085,6,0.8912483930916639,-39.98240598995301,0,0.509081611202997,103.57215031836512,0.8685119358311972
r&b,Artist 17,Track 267,feature_track_267,22,0.030076405448699273,0.7941121022650537,325491,0.3641929920794885,0.607563492105431,8,0.795580406471373,-59.18164151353886,0,0.6348982933583,156.18863362812527,0.8662745595698729
classical,Artist 18,Track 268,feature_track_268,95,0.3661991234947184,0.1555131549056532,188862,0.34058038855804096,0.8121397907345161,11,0.20122108640650993,-0.922816089391084,1,0.30539484323656196,172.78394398996016,0.9415186635566155
hip-hop,Artist 19,Track 269,feature_track_269,64,0.5758381340910729,0.5208836407250481,218872,0.13281750040339013,0.8863078861856634,3,0.041482586809263755,-59.37559128156888,1,0.42628604768235456,97.03806126709904,0.639196402887872
indie,Artist 20,Track 270,feature_track_270,68,0.26999352916275066,0.6787934605863523,217523,0.1358029964178229,0.6628839172993024,1,0.44405299386261143,-46.733059694747446,0,0.3627484257014264,162.3731086111883,0.9523111713887827
indie,Artist 21,Track 271,feature_track_271,19,0.30484776586628637,0.8000077850456861,200218,0.2069246127594847,0.6657752481116632,3,0.5985432126159588,-18.571978184198187,1,0.7566357946829558,166.823972480458,0.2919513031826084
r&b,Artist 22,Track 272,feature_track_272,17,0.2961516924922092,0.6096309292966504,165195,0.27253943285328086,0.9431040648583996,9,0.74811517417178,-46.08347250711433,0,0.5597527172734221,143.62423346433465,0.036349362226967274
indie,Artist 23,Track 273,feature_track_273,32,0.2331207979086779,0.11714527008937248,341514,0.2839570569514851,0.28924163292535876,1,0.0066935403440002705,-21.42946169601902,1,0.6748214160787048,101.74687691112108,0.21941987821252407
metal,Artist 24,Track 274,feature_track_274,78,0.7280681042559682,0.2860585365025198,335907,0.6705591992363673,0.522269352456301,9,0.8578558823980301,-9.548084441257679,0,0.2160799228200786,76.55014535128637,0.26394209159379334
pop,Artist 25,Track 275,feature_track_275,57,0.20561193704694336,0.5307465061111698,177747,0.8101470658443682,0.001979699014873937,0,0.64757284204766,-29.186674532478524,0,0.5942625208663336,179.6059504013761,0.29474415051115055
r&b,Artist 26,Track 276,feature_track_276,21,0.13820354522952738,0.06249325455854027,337571,0.6435161582830053,0.251116349171582,0,0.2380612945855647,-52.06539933164899,0,0.3555493807227722,171.7822779594763,0.9601848283360583
r&b,Artist 27,Track 277,feature_track_277,39,0.18988142164933053,0.8246328053135862,262700,0.4166792402809404,0.44559443190093295,7,0.4082777850115348,-22.573240555551187,1,0.06590257454268034,158.13486182053578,0.348487444678403
electronic,Artist 28,Track 278,feature_track_278,76,0.8412132927019449,0.7498263055078768,350663,0.05613091945549664,0.4869424467780791,7,0.39617749859418916,-28.38641721716636,1,0.8491219787997513,132.55678482487218,0.7051376250236078
country,Artist 29,Track 279,feature_track_279,74,0.19819620378020797,0.10672073928302084,336034,0.5499309285852714,0.13718930837568533,4,0.08765401841891651,-25.27348863905592,0,0.03298089888124234,151.48314131393352,0.08116458216228728
metal,Artist 30,Track 280,feature_track_280,33,0.8269484591577719,0.4148302052714711,149917,0.6877320993828067,0.047018438037616406,3,0.3334453448840804,-12.272886425887783,1,0.10899720891041087,94.65822327165776,0.7851144012478781
electronic,Artist 31,Track 281,feature_track_281,61,0.6762501243473246,0.25020792668826297,124433,0.34493263480085656,0.2460091982680016,10,0.5906760734641933,-44.28690074625042,1,0.10710601171218803,117.86757090861542,0.044993462900887016
r&b,Artist 32,Track 282,feature_track_282,38,0.8481550134858281,0.7511861908761523,282778,0.7900145161040878,0.8160578277878701,6,0.38396988312102365,-7.940044979472461,0,0.0712901466807393,83.2126527025195,0.32057527477411296
country,Artist 33,Track 283,feature_track_283,34,0.9784979040886772,0.8625888623286116,227445,0.6216029300369444,0.36129802675149003,1,0.23018468578094908,-31.618587602392132,0,0.9990870085923278,133.96012005694502,0.2556183905932967
rock,Artist 34,Track 284,feature_track_284,99,0.8720516136417373,0.9333671245240798,128491,0.9658072341718784,0.584840423709947,1,0.08146621284827127,-19.481360848093352,0,0.4886540489643817,112.81576678517297,0.8828376184289137
pop,Artist 35,Track 285,feature_track_285,89,0.6396942620667831,0.9327657346822283,263795,0.96752029470028,0.27001820121036435,4,0.7290811429303166,-45.1529974212634,0,0.19453521128746487,103.53202476557014,0.04310715144645516
country,Artist 36,Track 286,feature_track_286,16,0.5105534605831342,0.9150985127591599,145463,0.23605557752473139,0.15076097724021065,11,0.4038005443844609,-58.18032813024458,0,0.6134844154609153,95.64625492659349,0.09849643364245542
rock,Artist 37,Track 287,feature_track_287,50,0.7157772847591363,0.17177975680011015,240183,0.15233279165155988,0.6588874190607579,1,0.05991928826893833,-54.16256732206358,0,0.7463265356893165,85.44931120453771,0.7638754727479514
pop,Artist 38,Track 288,feature_track_288,59,0.32169308931643004,0.6541170126935669,149622,0.41289892354087465,0.8768446063301634,9,0.7718273577688161,-19.955983576478957,0,0.629614092493266,96.68904885125353,0.37009606886193736
country,Artist 39,Track 289,feature_track_289,91,0.38412578876288583,0.31618586667903015,235284,0.7625628457661738,0.9750301144456359,3,0.8974267710904497,-2.0807049989252135,0,0.18893552489550702,191.17284262286486,0.736751800530523
indie,Artist 40,Track 290,feature_track_290,97,0.5199695996717075,0.8163623715607935,131108,0.11555108373786993,0.9073181270032795,10,0.5758353048895146,-37.10512496760863,1,0.2560522443236247,152.51963801536948,0.7187193229587244
electronic,Artist 41,Track 291,feature_track_291,95,0.11562354280020803,0.7832906260361674,337316,0.9824773167441008,0.6458028200549389,2,0.4668560773314453,-53.35892994827359,1,0.3796460022333671,132.65643289294962,0.9870921971375388
pop,Artist 42,Track 292,feature_track_292,83,0.8517830951442457,0.48858416904133006,223823,0.27381785497026856,0.7185510074940321,3,0.7174663412853068,-22.963490540309188,1,0.46587318092371566,137.20968948504228,0.5096557416908709
classical,Artist 43,Track 293,feature_track_293,87,0.03513375558277898,0.6320107460192746,285287,0.6285253754297269,0.955612461082993,9,0.43909546834386337,-39.80480039880594,0,0.07470171910489176,134.92885793389706,0.5191110086780525
rock,Artist 44,Track 294,feature_track_294,80,0.4469254091475249,0.31406648288625816,181582,0.9045776909795304,0.273886891505552,7,0.5403197339157744,-34.0312663541026,0,0.46604988968700056,134.5899818308423,0.14910609149496046
indie,Artist 45,Track 295,feature_track_295,67,0.7075317371886348,0.6207923108062421,169930,0.7983597737724382,0.5908278382095294,7,0.8690636105202544,-45.0018385435192,0,0.6118731099867482,171.53600478414813,0.46934246670238033
hip-hop,Artist 46,Track 296,feature_track_296,42,0.5093060954987394,0.6089043827582648,212842,0.2503786366411308,0.4374888083516959,8,0.35543820761110456,-50.65691237185545,0,0.8306863976671255,185.3214363768018,0.4058689548009905
electronic,Artist 47,Track 297,feature_track_297,80,0.7080096985790861,0.5280166713014915,317269,0.8320918477281749,0.02427816667848448,6,0.10795847665070923,-13.48597938272885,1,0.9686864234264301,169.36435544246194,0.9533275713197732
metal,Artist 48,Track 298,feature_track_298,5,0.909215448079746,0.3183998016427636,216474,0.40582764432284,0.8906070712998192,3,0.8130873591306755,-39.877122256809635,0,0.9107744112599259,77.96950655278332,0.7883669395260102
country,Artist 49,Track 299,feature_track_299,67,0.8181320117747983,0.875645137508947,185365,0.6367943271657522,0.5991599976898762,0,0.2946165176911182,-25.361056428202247,0,0.6145661149356012,177.78167914308716,0.7352049427643573
rock,Artist 0,Track 300,feature_track_300,44,0.3118585260914679,0.20815989727833484,178757,0.9156497983619835,0.7096356448519413,1,0.027024667500041955,-40.8485351449361,1,0.9987610448263912,83.02348989792213,0.29138714361740514
country,Artist 1,Track 301,feature_track_301,5,0.25124400513946343,0.07916399730056489,145055,0.7447151060949514,0.11316751315073748,9,0.5050422591391225,-35.384764283570924,1,0.13289575811252408,191.05999108921768,0.383693489633419
country,Artist 2,Track 302,feature_track_302,41,0.5383278316666439,0.4289923378811329,304635,0.9492557108258507,0.455560784098897,2,0.15073932195927464,-29.156209672638923,0,0.21265888682876388,90.74165375247802,0.2363246794508047
pop,Artist 3,Track 303,feature_track_303,77,0.01784511091572627,0.25527443842836106,329826,0.9698188601911895,0.4716746299621485,6,0.2163236071097714,-39.110619333008344,0,0.03238507406931146,125.84275501132726,0.32656801493916
country,Artist 4,Track 304,feature_track_304,40,0.515593759159651,0.32156025354710915,288457,0.6496406792817081,0.4489693836705575,5,0.6292843179162407,-0.2072913131154408,0,0.9937565805318338,102.78885388557038,0.3597734273150155
r&b,Artist 5,Track 305,feature_track_305,41,0.01680837911349098,0.5377609111607644,256956,0.9806413074495444,0.5121770259860382,6,0.5272836192289757,-5.003417471740789,0,0.5277972793000362,138.41852598225483,0.7113032987978574
country,Artist 6,Track 306,feature_track_306,52,0.6126329004970847,0.07549299031119638,358366,0.805269143972387,0.39581106936426336,0,0.6796468230618018,-23.17257357979473,0,0.8299057800574454,178.62655538001167,0.8035437104596643
indie,Artist 7,Track 307,feature_track_307,21,0.663654291497305,0.6867175999555799,287587,0.7968450423734696,0.09462499799574231,2,0.7449207607418076,-47.652278450054496,1,0.3447572290106502,89.62165171598366,0.1186219941273996
metal,Artist 8,Track 308,feature_track_308,54,0.3251509830711955,0.6488188468828077,195156,0.864325500125225,0.12790379547573738,7,0.3846970312272222,-46.66934632434746,0,0.1357125335094055,151.15486555837356,0.9879463480685462
metal,Artist 9,Track 309,feature_track_309,46,0.4872287450165128,0.11905425844816975,251025,0.7565792695341981,0.5834191485327961,0,0.18902651384851266,-7.294012409386575,0,0.8194863395375959,184.99229426786107,0.1664768856985953
rock,Artist 10,Track 310,feature_track_310,100,0.8276839979595266,0.1950478320386636,263480,0.2603359495200477,0.7323862611153089,7,0.45039204026263424,-51.90352757177457,1,0.7034773128259861,161.8418542442273,0.6360539104970875
hip-hop,Artist 11,Track 311,feature_track_311,26,0.855897038738031,0.2079375806475957,123198,0.5160232810939372,0.01564282996137234,1,0.2798376011131616,-33.32981706096783,1,0.3316949571623067,73.81199164454402,0.24531759904327533
jazz,Artist 12,Track 312,feature_track_312,19,0.4996755482906289,0.1848612495402736,272659,0.9804879318835753,0.4801754168380349,2,0.992660810676949,-33.16562965951259,1,0.3105711884492651,129.8413428431084,0.030984037602255432
jazz,Artist 13,Track 313,feature_track_313,21,0.8940907832268046,0.34544091205109395,137427,0.22708436652667674,0.04667494152663121,3,0.15311015990120547,-55.19073795151179,0,0.5771766205283437,198.97867822671986,0.5367095642598236
jazz,Artist 14,Track 314,feature_track_314,35,0.4801220538636102,0.2868986690712789,287791,0.27522576330604365,0.11465167046982783,3,0.8814150956951622,-27.717611509141754,0,0.6189283330645575,121.2343750393691,0.08508387638776826
classical,Artist 15,Track 315,feature_track_315,80,0.17399432906133294,0.5376100499012034,227967,0.42343072471348164,0.4392219639026177,4,0.6238428047444521,-25.34687823394797,0,0.7698522286665075,73.8325260987367,0.35862650136641816
metal,Artist 16,Track 316,feature_track_316,50,0.13869526415825595,0.849952102532049,309436,0.9833089753257445,0.819574342974859,2,0.37061370894358614,-1.0809141144210273,0,0.36530428263698445,157.6167051340042,0.26034921433700453
classical,Artist 17,Track 317,feature_track_317,2,0.9165680065343902,0.0070427423991719085,229565,0.2147839860421028,0.480556416146964,3,0.3777910819262108,-19.342006495379053,1,0.029371490124109,193.83240144343304,0.9692709560461837
metal,Artist 18,Track 318,feature_track_318,88,0.18168775413320604,0.9346935492876038,254604,0.9733916330136919,0.8997514607530035,6,0.2306309926000254,-24.16359315306338,0,0.7445868510770245,181.84729425088113,0.4442269229415633
hip-hop,Artist 19,Track 319,feature_track_319,48,0.5678505673909555,0.6325686346061988,136093,0.6559194041089753,0.21732967739110742,0,0.4141928743971304,-35.865779824210975,0,0.7343694706110532,74.72403046293026,0.09945464817000327
metal,Artist 20,Track 320,feature_track_320,5,0.20106107674287976,0.6483963703444218,297758,0.13756169033724042,0.6149270447807645,1,0.640566206727713,-47.153989518566405,1,0.1339247502619152,185.85822875554385,0.47249518080538855
rock,Artist 21,Track 321,feature_track_321,100,0.3465767469267522,0.8440538351774733,210494,0.8679471236687215,0.7972534726062152,2,0.6408469361250111,-30.28369566239104,1,0.024008865771605215,193.1852687609414,0.23726471057040988
metal,Artist 22,Track 322,feature_track_322,64,0.10501264034626046,0.6944331252375511,345226,0.5750554325028273,0.7648652544886231,1,0.8712257107095559,-48.05910709895142,0,0.40798536602050217,101.32731331864547,0.36368855505646236
rock,Artist 23,Track 323,feature_track_323,33,0.00693969080077117,0.006055788636649351,121944,0.724112469833575,0.9299983269500002,3,0.8987527235229246,-36.471925557145944,1,0.9605690950478356,160.15761581825802,0.2933962320304009
hip-hop,Artist 24,Track 324,feature_track_324,40,0.41659829323466824,0.3368282917328522,214641,0.21128173018748875,0.502221572614229,7,0.7159288930079752,-29.767351581602437,0,0.6949124134875578,102.81644547875737,0.5649440401935434
classical,Artist 25,Track 325,feature_track_325,93,0.6449431209057394,0.66236707796283,195187,0.9337108052134568,0.9158325901993071,1,0.7311945941476268,-54.335723569871746,0,0.6062375565535014,108.33835109006444,0.9498952243495661
indie,Artist 26,Track 326,feature_track_326,64,0.6480657230324228,0.9170477117028808,311381,0.1488537378003022,0.17139245491142285,8,0.1426413540124456,-4.903513029945572,0,0.6780853575264147,199.6247873760627,0.7392549408780124
r&b,Artist 27,Track 327,feature_track_327,93,0.07325977196924804,0.1138190319155784,289128,0.7203891621623753,0.4510268300108694,4,0.7148441114811513,-36.76094062055555,0,0.9071814461296049,102.08003163975232,0.5053928844657851
jazz,Artist 28,Track 328,feature_track_328,32,0.5850747592120881,0.1161739673077059,316283,0.3992845049304845,0.060549247006145945,10,0.02066851128062719,-21.880627332848107,0,0.17751108476256483,123.5755228801643,0.732152776962228
r&b,Artist 29,Track 329,feature_track_329,17,0.0362535669380446,0.34204312781636337,271302,0.40171380476217444,0.7676215940894945,10,0.3663361212303571,-34.26337828018319,1,0.6588353614305466,78.55705551879136,0.5816757586960863
jazz,Artist 30,Track 330,feature_track_330,18,0.769073168086859,0.5514390088281427,336212,0.8859081156187185,0.5636827144487774,6,0.11773146818029989,-25.144190731227035,1,0.3332925092083927,162.66549106606203,0.6252311962471571
hip-hop,Artist 31,Track 331,feature_track_331,1,0.09148893665499225,0.303065592939072,331807,0.1080920868137808,0.9284757216507696,8,0.9616751479905721,-14.98917788578968,1,0.27533818851995606,135.93234310869246,0.7396752804812605
rock,Artist 32,Track 332,feature_track_332,59,0.6588417012345142,0.4707951928798667,122400,0.35991136740435625,0.3077511343805108,1,0.7240538874108081,-8.225154440861878,0,0.2752185419028699,155.1793783097118,0.6499602760207658
jazz,Artist 33,Track 333,feature_track_333,93,0.8809760060395267,0.9259154774073285,258324,0.579733383115308,0.297856151627923,9,0.10637193121102861,-22.99284330335925,0,0.381166389633683,87.36611756957052,0.0035115535148051435
jazz,Artist 34,Track 334,feature_track_334,55,0.48024319554174,0.43510302426870684,354635,0.5678263985695197,0.5078164831772133,9,0.5735637523647138,-33.98110063827056,0,0.029913898024995556,149.04773404441164,0.7846542336024701
rock,Artist 35,Track 335,feature_track_335,63,0.9271777958130439,0.8463232297644013,181680,0.5332393383957117,0.4763534056128552,10,0.1025126723733143,-48.35124589674922,1,0.5088327714881811,134.94708768657958,0.6049266797011404
indie,Artist 36,Track 336,feature_track_336,71,0.03844854778750051,0.85091731403438,132855,0.4279440574778668,0.988190356025841,6,0.19684456131406203,-36.21956397411654,0,0.6725157898073323,87.77813570201008,0.7874262983629758
jazz,Artist 37,Track 337,feature_track_337,3,0.5159337524330324,0.2272228398000441,353308,0.7306604858928951,0.6709017398390386,4,0.9713238878669261,-47.612171330560024,1,0.2029537993233964,166.16700169514434,0.22128021205727877
rock,Artist 38,Track 338,feature_track_338,78,0.17830713817984256,0.8634729027418482,333656,0.19820645898250466,0.9437721649095974,4,0.17487702631092839,-25.524368951413685,0,0.1044769507897626,175.30854028863206,0.11097543505341545
jazz,Artist 39,Track 339,feature_track_339,21,0.23803074730418716,0.6348060786719723,275618,0.04838096425816685,0.2585663155301614,7,0.5537490455119451,-55.402856473156746,1,0.8799045334347624,199.48224590726306,0.04845494827203267
indie,Artist 40,Track 340,feature_track_340,62,0.8301521665951309,0.2637360117405563,178189,0.4941744499218107,0.6257702390139761,3,0.1271726837050161,-53.685268092423165,0,0.883501350549842,116.38581561169858,0.05835612954810265
pop,Artist 41,Track 341,feature_track_341,62,0.6776724308243615,0.389981739139706,333319,0.9562767801283699,0.36759117857691337,11,0.9184199205530043,-23.683910145629852,0,0.6715484650809307,88.178435684886,0.2018298174950942
hip-hop,Artist 42,Track 342,feature_track_342,90,0.8066278672029805,0.9694148797661795,124069,0.4497761077154959,0.3183669348453978,10,0.8087868246983105,-4.625445684697695,1,0.7512549069032172,180.85569684084817,0.93270393715029
pop,Artist 43,Track 343,feature_track_343,75,0.7544638992933754,0.005687449093550123,353059,0.05214646640229936,0.4625011745506843,3,0.9028170897016713,-50.412516178918494,1,0.3868221039762073,193.47959493410605,0.532210289897994
rock,Artist 44,Track 344,feature_track_344,11,0.0401513583126305,0.02311207566033513,240758,0.9994570106780666,0.029195388484160922,4,0.19809834447890318,-35.63068075176986,1,0.09042264942688993,124.006646525992,0.0761279289275908
rock,Artist 45,Track 345,feature_track_345,61,0.5819282773915824,0.6683669956156519,310415,0.09732081737540355,0.5147086674784901,3,0.970765852910743,-49.18200811937565,1,0.5488281815096722,155.06458674122425,0.1953330263406945
classical,Artist 46,Track 346,feature_track_346,4,0.1558180624656672,0.26592067449472967,328078,0.8669691698641461,0.6897567519291148,3,0.9453995495799665,-28.742478341897822,0,0.5357677943263389,146.24904039494965,0.9745978029251523
jazz,Artist 47,Track 347,feature_track_347,17,0.9022786827196311,0.2928806619761002,223881,0.8909995583065781,0.4091770968119266,3,0.6720672398255294,-28.348370996232724,1,0.5496730349684482,170.469143846328,0.9198644954874572
rock,Artist 48,Track 348,feature_track_348,41,0.5488720707850906,0.8788357648088196,146955,0.8413225311950239,0.2034417432626897,6,0.2130401005971918,-12.70766695105059,0,0.10697096780782578,156.44475104490687,0.23576036454144667
jazz,Artist 49,Track 349,feature_track_349,89,0.8323032718854682,0.6819563592556663,247809,0.8224311726652331,0.6273734708720129,9,0.037471327895430395,-35.68885666371442,0,0.236923065234532,152.98707524077918,0.6930271206414433
jazz,Artist 0,Track 350,feature_track_350,35,0.4851584683564756,0.29199889101984566,252734,0.7947827875579023,0.947194159852047,4,0.7451956472462749,-0.4490229445036462,0,0.42218187049015254,111.4744390829506,0.0828069669773297
jazz,Artist 1,Track 351,feature_track_351,57,0.33384647853786265,0.7564336486380142,273154,0.5822494326081059,0.09722485188686236,4,0.0002618300180676769,-10.300461553275014,1,0.07132031243322634,116.82508699722553,0.966695203117693
r&b,Artist 2,Track 352,feature_track_352,29,0.3717952058206465,0.12662708188970984,226967,0.4045130880616118,0.1369521704495995,6,0.9084769203968334,-30.100435719671054,1,0.2052445840242555,178.18042806861953,0.32113316540726233
hip-hop,Artist 3,Track 353,feature_track_353,80,0.04525131378754388,0.29555827761438913,307105,0.9133648634870547,0.4112399790746738,11,0.4281914008691283,-59.01223096375599,1,0.8848160040125417,95.7435014430904,0.345634301586073
country,Artist 4,Track 354,feature_track_354,59,0.5537396031072359,0.7178491895561152,187651,0.7880689972451578,0.059746259540843116,7,0.5378350821257766,-29.70388403089187,1,0.34402249850093247,187.90213274079656,0.5816555457925567
country,Artist 5,Track 355,feature_track_355,68,0.270311836103049,0.9243687371841222,237955,0.9559887794233577,0.42747010039832933,7,0.8976413222697651,-4.471353537343667,1,0.4906056145708382,67.3328235439205,0.6658708347487817
metal,Artist 6,Track 356,feature_track_356,47,0.8024482071670683,0.11999416826706943,250039,0.09911026695810987,0.9758103717219534,5,0.8265443721561916,-24.51080487025292,1,0.3884172451977911,111.66946699214924,0.423299214460258
metal,Artist 7,Track 357,feature_track_357,33,0.38182567250505606,0.6606499937903497,203740,0.5233339551771242,0.57455283927237,8,0.03357065861572195,-40.72490992703226,0,0.10727523852567811,168.4405596675145,0.2690070390692637
indie,Artist 8,Track 358,feature_track_358,5,0.5801987865482996,0.4113196805609426,349020,0.9296825885330938,0.6986835498772608,3,0.04254500122783855,-16.49855841745753,1,0.7638293842618338,75.09841256713973,0.5070430081843226
metal,Artist 9,Track 359,feature_track_359,1,0.37286428388851145,0.13529055516427535,227646,0.010212459452162315,0.022163993953593142,8,0.1949171638381918,-0.2893535794508111,1,0.5580886967010126,112.32649585566335,0.9089807512857055
classical,Artist 10,Track 360,feature_track_360,69,0.8556287744200254,0.08775935910679966,263584,0.6747951432762984,0.689411064095203,2,0.766194511340585,-17.907538574506248,1,0.26409473692413166,176.8256418872955,0.5677708104699596
indie,Artist 11,Track 361,feature_track_361,67,0.21174810757208318,0.1539343229117579,179034,0.6988703039942906,0.8339869847558666,7,0.33905224356684605,-0.5592576283720945,1,0.6253847109138578,177.08325055193623,0.6128616000174352
metal,Artist 12,Track 362,feature_track_362,44,0.6631834711196943,0.6663221579690878,172454,0.4829392964205279,0.5289584472876925,0,0.7655816259933791,-9.443262349515088,0,0.6239285715708662,81.27606252684222,0.40478207584445436
jazz,Artist 13,Track 363,feature_track_363,46,0.1375976484139303,0.38630989468545807,123878,0.7963269083023293,0.5592053522202559,7,0.7792343468923343,-31.38183268782893,1,0.47757909769458395,174.13188477944533,0.07616977821396598
rock,Artist 14,Track 364,feature_track_364,54,0.6045627705489064,0.19653615433727456,214752,0.19904402579292535,0.7144595472491161,11,0.5247099575980229,-49.75464214201577,1,0.4097552792710807,198.18550451806638,0.5266713591557972
country,Artist 15,Track 365,feature_track_365,51,0.21534863324450482,0.6151627179129356,175825,0.6716347856925357,0.05298317439953726,6,0.5715625646433382,-50.79989327147233,0,0.7379765802906975,78.50496779024223,0.6523143088187157
electronic,Artist 16,Track 366,feature_track_366,87,0.29926882925094644,0.8901997284918647,330006,0.21590466576473366,0.4863086524281094,8,0.3163754651670868,-50.722068244727545,1,0.4271620839480291,165.884549045505,0.9811152664782429
indie,Artist 17,Track 367,feature_track_367,69,0.3933301213251289,0.8342248985279391,270635,0.9997654198750924,0.18324545912453083,1,0.13176150780557505,-13.5162249355609,0,0.8229785257784328,63.55198819595013,0.3235837366467589
hip-hop,Artist 18,Track 368,feature_track_368,12,0.8929954916893372,0.42037260475440374,287116,0.5536937270096599,0.8750972694164243,0,0.6413873269620621,-4.164408665077545,0,0.4045387030876735,119.07269956546963,0.5704245252236828
classical,Artist 19,Track 369,feature_track_369,91,0.7218967014312774,0.8506121926143846,216655,0.08637358942138496,0.2191404782541937,1,0.9357402826402476,-10.681488415076487,1,0.7321874045662646,116.85393943512821,0.42353677565219583
rock,Artist 20,Track 370,feature_track_370,11,0.9124488699891746,0.28491457858718017,141174,0.8441697463663582,0.640921039050687,5,0.9515700653609868,-24.656654023721188,0,0.587273530122951,167.90494386125607,0.6300918152702903
hip-hop,Artist 21,Track 371,feature_track_371,53,0.36358414461715194,0.04723305016608914,325384,0.4299970230510275,0.19964947730539762,5,0.5355539585829813,-18.69105654148961,0,0.45963295139884075,180.27402116659658,0.5049729658817628
hip-hop,Artist 22,Track 372,feature_track_372,85,0.6071479269828801,0.8888494504349589,211563,0.33879432843691826,0.24283838429551974,1,0.3236279328640229,-21.438832597907428,0,0.7830692656123771,172.12871391145728,0.233708409387809
metal,Artist 23,Track 373,feature_track_373,26,0.6651368557203825,0.529554869194357,334674,0.7280242245955622,0.20600895108034933,9,0.8593969718975886,-32.27283478485423,0,0.10084608849845367,170.67608081657792,0.3450643136187016
rock,Artist 24,Track 374,feature_track_374,81,0.3900440430960821,0.16054580508747407,190016,0.8381237137796782,0.47946296005211386,10,0.05368297058121552,-48.98595612803548,1,0.4018012476820183,147.28119650086745,0.3720605805266133
pop,Artist 25,Track 375,feature_track_375,43,0.4430878631963445,0.7932594029508248,256592,0.7808809968728235,0.19733384818133115,9,0.9976168984989814,-31.85414203255085,1,0.08896325733485289,181.28381449711264,0.20214429903816677
r&b,Artist 26,Track 376,feature_track_376,21,0.22275842682724512,0.24520934995951882,143223,0.7260763987502349,0.8331377055493008,8,0.2687766459988721,-10.769570046874811,0,0.08257852924905318,130.44494489322295,0.8072361203777502
jazz,Artist 27,Track 377,feature_track_377,31,0.3549681051247434,0.5715481536355888,250410,0.6901847427176697,0.2876807927591043,9,0.6970574506953456,-15.43932955777312,1,0.4218885920207066,103.85949086403134,0.47143423525078154
classical,Artist 28,Track 378,feature_track_378,41,0.3739556176797749,0.978986456095419,169659,0.19136280262417582,0.5494109662669197,7,0.8781807203175307,-45.0835558955127,1,0.2543074125382728,84.39076797156049,0.06332340425567873
pop,Artist 29,Track 379,feature_track_379,56,0.8118683110656308,0.0353984614012649,350091,0.655397374995834,0.7119122961109248,9,0.06242989344379568,-19.34005939365361,1,0.2613794712517855,174.20319055760422,0.16613022930779153
electronic,Artist 30,Track 380,feature_track_380,19,0.7871215113570789,0.6154572360240123,240879,0.7277249149574044,0.3399026070543597,10,0.1496212433280344,-38.121858091317634,0,0.5360386128388225,64.14419423906004,0.6678852243993768
electronic,Artist 31,Track 381,feature_track_381,0,0.06968457911456793,0.2305493670718446,331629,0.6748006899531338,0.6943891599159651,9,0.8036667899018447,-32.85029735919928,1,0.9281673474215177,193.73985271151517,0.8352338149067244
jazz,Artist 32,Track 382,feature_track_382,59,0.6960415895658455,0.1055667653455944,196372,0.01170117091099987,0.47846437164445454,3,0.4027580511960531,-40.30988557784463,1,0.22681341042668657,187.49533734073543,0.6032176256740602
classical,Artist 33,Track 383,feature_track_383,64,0.3000638833344118,0.4662056894534786,299524,0.11804530854791884,0.5088561324260189,7,0.1104354801647337,-57.611214506857365,0,0.0801825194567436,153.5881425138732,0.0032042404836271077
country,Artist 34,Track 384,feature_track_384,49,0.11417652767698838,0.9635187837401206,211858,0.6032451046861256,0.15391240880442036,10,0.9336072542204107,-23.275403652347663,1,0.7714916900837582,129.56553580248118,0.9128284803274425
pop,Artist 35,Track 385,feature_track_385,20,0.7578330409965547,0.6055236502989633,254650,0.9272739080988954,0.47525359238651155,0,0.5170449231003736,-36.25403183729331,1,0.2849113164588273,121.41278017179482,0.8511750314716425
hip-hop,Artist 36,Track 386,feature_track_386,96,0.5366030880254267,0.7087827572850094,263891,0.7813132120244982,0.12922388149673503,0,0.5497587396231298,-3.748451521087297,1,0.6248066734689863,83.2492709001709,0.5924535544059732
classical,Artist 37,Track 387,feature_track_387,57,0.6724184131789562,0.2819357929972002,186401,0.13952526478997374,0.511210178925863,4,0.05838907447809205,-23.9897190837384,0,0.6458902323509312,60.141063651115566,0.22203785635092632
hip-hop,Artist 38,Track 388,feature_track_388,87,0.37211665348739986,0.6522898000436319,312970,0.6615314091949333,0.45945614811271573,8,0.76281928888882,-17.869187895736168,1,0.29869229802146224,114.92802983485532,0.857108698320034
classical,Artist 39,Track 389,feature_track_389,91,0.38091592529177654,0.8029153023868535,203301,0.23511124957614116,0.7645562162977155,10,0.9391472717565483,-8.102785746611694,1,0.9889466499976749,136.0256478423564,0.07954816550167187
r&b,Artist 40,Track 390,feature_track_390,56,0.7481530525123975,0.005310587506927811,192332,0.6604060085277729,0.6242404147029715,3,0.9013993388107959,-15.062970635931187,1,0.6244473988295627,137.2697720692334,0.507399150559576
r&b,Artist 41,Track 391,feature_track_391,20,0.30587193831284976,0.4132358991579438,307217,0.3063503806367184,0.7234513472395631,9,0.7462447570224543,-40.78900954816156,1,0.006090047352875105,136.86602502249258,0.6490027337399809
metal,Artist 42,Track 392,feature_track_392,24,0.4914725719827119,0.558647587607245,151839,0.1456319896286583,0.8883933357357731,10,0.20745658547224644,-53.83206156840331,0,0.4368123503822222,66.15676841230952,0.17151476418528888
hip-hop,Artist 43,Track 393,feature_track_393,23,0.7521560048865538,0.15379094417831574,218320,0.3350731155169412,0.21331913836825056,5,0.21955538994919976,-37.434779366912025,1,0.003970081722780128,92.1767886746573,0.3181552628704487
indie,Artist 44,Track 394,feature_track_394,76,0.2192454718265976,0.30853352452027283,192074,0.6371668520014486,0.30525055167345816,5,0.1224756524670797,-35.82110559435501,1,0.42502459844977536,99.9219649551017,0.6329986479193747
jazz,Artist 45,Track 395,feature_track_395,81,0.9298048376626957,0.7893732750245227,199831,0.42598573160532616,0.5333784316324226,11,0.13196418816781874,-52.08105624375485,1,0.12030080551571098,196.1055645503849,0.9623093698468561
r&b,Artist 46,Track 396,feature_track_396,65,0.8176758715150815,0.8487081800442271,276650,0.15445405185705496,0.4492379675721051,8,0.11094852140512701,-33.59554594599085,0,0.747320459215165,152.68175520957726,0.28836034500332164
r&b,Artist 47,Track 397,feature_track_397,56,0.24508402947411034,0.0038999120133684784,276181,0.5794481381279533,0.3889780157625009,0,0.7243070617138565,-30.834626230628423,0,0.8026816945137253,132.8337392586689,0.5447076942220128
rock,Artist 48,Track 398,feature_track_398,9,0.38052352647765775,0.2391883256877998,173251,0.5224088168180185,0.16229061664050104,9,0.49586746113669833,-18.16264637592922,0,0.9787213865523298,155.1754371707448,0.09759513208270243
indie,Artist 49,Track 399,feature_track_399,3,0.5974453914939386,0.30342881256399035,340733,0.8095774535149068,0.7652104936941285,11,0.03884170913737495,-20.997145904688523,0,0.39541084475147836,70.58127346190963,0.21626407949320503
pop,Artist 0,Track 400,feature_track_400,19,0.8758931641769739,0.9936564456561013,240651,0.21614972058018578,0.2779751123159183,5,0.015428232810623554,-9.401997155382993,0,0.6336933512012832,118.77373337139909,0.23743716007254123
country,Artist 1,Track 401,feature_track_401,79,0.2823973440813785,0.25616994980755314,136103,0.3878849151253705,0.0383836581953767,0,0.4122662418427927,-7.831647233624643,0,0.5802212743438128,107.87040699862426,0.28342604099526614
jazz,Artist 2,Track 402,feature_track_402,48,0.34195599691192957,0.2877451822586494,142865,0.45772724787587926,0.42315382125647605,11,0.10989286609227444,-59.61436893270383,1,0.3037078265847003,186.7007843902985,0.6447224654923965
hip-hop,Artist 3,Track 403,feature_track_403,33,0.8504327049437235,0.18778882816586606,245834,0.24521984208074177,0.4093473092525447,1,0.7521190577403045,-11.977421789854617,1,0.20766711468959298,84.24957608796913,0.6920818783420672
pop,Artist 4,Track 404,feature_track_404,78,0.9882738003879341,0.807808568911327,226654,0.4958516470541279,0.9086287188461555,11,0.05032621424838335,-16.43042979246283,1,0.5632841299622358,193.6948802502275,0.6982553060095651
metal,Artist 5,Track 405,feature_track_405,77,0.14501388162296203,0.6633377928185245,164490,0.7518601811226192,0.7075955010927013,10,0.6865468175822406,-37.71729135870031,0,0.6683143646173579,172.60628146270506,0.14504929467543692
r&b,Artist 6,Track 406,feature_track_406,38,0.7790970524154961,0.6114786701445549,195910,0.7704469334359512,0.813941897307994,2,0.03805542837776066,-44.26261003533029,1,0.0013662800238375405,105.26709578369449,0.17393752282199149
electronic,Artist 7,Track 407,feature_track_407,58,0.5716659493451114,0.22409314178996464,180558,0.7217993961886624,0.938690536091556,4,0.7373176813863116,-55.238768315881835,0,0.8471083507652499,189.08148784012863,0.8579793125979217
pop,Artist 8,Track 408,feature_track_408,30,0.5286880580593053,0.953182998688346,325646,0.43710406245577693,0.8318796283150438,1,0.6898768310217503,-50.78663063608505,1,0.5441780120413175,100.68718238776987,0.6857601220969285
r&b,Artist 9,Track 409,feature_track_409,21,0.3949894129162226,0.730726088053841,270846,0.4099268748684187,0.12781943701924403,2,0.9920353724683156,-52.264828633985694,1,0.3632088184216684,123.93584702315997,0.8684115850360188
electronic,Artist 10,Track 410,feature_track_410,35,0.4014641992370517,0.7755404032905079,126785,0.15284795014438757,0.2219867404679885,1,0.3187810123332283,-55.257631066431955,1,0.13158980564925593,167.3550010999944,0.7937040946712662
rock,Artist 11,Track 411,feature_track_411,53,0.7302485516209682,0.7829917453856429,170562,0.023929402320036264,0.07692119807150899,10,0.6685637140890383,-34.320155950374655,0,0.275579137447289,96.44961057325486,0.8057820199600637
pop,Artist 12,Track 412,feature_track_412,19,0.22954655527766943,0.3023987911161884,202181,0.2882314662695802,0.5245825385385181,0,0.7005029724007098,-13.097033442544742,0,0.7997870848630354,96.66104353609754,0.029296603996520454
pop,Artist 13,Track 413,feature_track_413,18,0.32172401501927794,0.6732907576079717,180474,0.0009518099544981728,0.09645968966408847,1,0.5587608901020595,-49.28824204074667,1,0.5808706827616692,85.14355976798764,0.01647231713776731
indie,Artist 14,Track 414,feature_track_414,81,0.9524449773577139,0.7036341558747053,193380,0.2478525709389804,0.5866660463459206,10,0.5826617524742416,-40.79511989039365,1,0.7824232400881638,104.14555769464599,0.6537742602076123
country,Artist 15,Track 415,feature_track_415,32,0.4640273006052428,0.2844027120875331,200462,0.47176955793950714,0.40411930204260915,4,0.6939193471332504,-25.26045673058998,0,0.948754956718115,80.8861579471357,0.3951649818955021
electronic,Artist 16,Track 416,feature_track_416,55,0.8955240002622986,0.3390861203542479,225085,0.21543393694529844,0.9795396001961472,3,0.958358403173881,-11.53206015065767,1,0.8447820445492057,198.79116670995003,0.9931494703412446
country,Artist 17,Track 417,feature_track_417,92,0.9465263776155036,0.596809473928076,208364,0.5789369869325961,0.22074921815198212,7,0.7425272749894487,-44.83074804952923,1,0.3067970146152046,146.12398070330374,0.9939798514875325
country,Artist 18,Track 418,feature_track_418,21,0.7077569444507196,0.134401920666128,153149,0.01978936586568214,0.35210644403594205,8,0.1850469158555278,-8.366932244872892,0,0.1300155024252263,90.81138424130515,0.9654308036659323
hip-hop,Artist 19,Track 419,feature_track_419,70,0.19822116889358188,0.1272616849020688,220766,0.010321959153120286,0.2566126571236903,11,0.2876834436077693,-38.175112144265285,1,0.1638731786439539,125.02139824940782,0.44004786505153426
country,Artist 20,Track 420,feature_track_420,71,0.6338547469135805,0.7433714812044222,121125,0.2235248808615674,0.8455670887996892,4,0.9590179590089557,-10.879098514598752,1,0.5238236579984126,65.69440213679114,0.26182487275267785
r&b,Artist 21,Track 421,feature_track_421,30,0.6535289036482337,0.2549160504667153,315067,0.6068398120803588,0.572776049392317,3,0.6903309360554822,-54.89575452287815,1,0.21228813810389613,66.83766134768058,0.30114137033054966
electronic,Artist 22,Track 422,feature_track_422,86,0.029064800143850267,0.9226205291955292,236940,0.379907699017898,0.14764851223097863,1,0.1808734879545283,-29.38342006804236,0,0.6490038555497033,66.67980523239363,0.7932973378867336
electronic,Artist 23,Track 423,feature_track_423,21,0.6964090521646085,0.4923758358922603,245648,0.5629252028815823,0.0744418269336724,3,0.10601399477667561,-36.625030005487574,0,0.251958458127411,156.92065434048527,0.37821415480454657
pop,Artist 24,Track 424,feature_track_424,21,0.5357603151400979,0.9433559337433441,330972,0.8450463422581423,0.669288204294159,1,0.9107993838650951,-49.48997541461416,0,0.6599087241426561,164.42127508498544,0.678938663588093
hip-hop,Artist 25,Track 425,feature_track_425,99,0.6602469847138718,0.5675500159419447,234754,0.719383343428957,0.5421652442124341,7,0.10244500642828214,-7.22724753476065,0,0.5622716384311547,178.24393203909568,0.4093171018705325
rock,Artist 26,Track 426,feature_track_426,85,0.8571570432603753,0.32201537155605775,217066,0.15801948521780107,0.8044971378557371,11,0.465843156306725,-39.52787805089817,1,0.46790281750867535,192.2268887493346,0.9779941144959382
classical,Artist 27,Track 427,feature_track_427,79,0.5596758287899658,0.2344122234087458,198839,0.7770458106047091,0.08233072253498541,8,0.3177252386486292,-5.232090801372401,0,0.14225320401416697,133.46706303124276,0.2662182437119289
pop,Artist 28,Track 428,feature_track_428,2,0.3082380633685946,0.7120802287284224,123898,0.27261703082302713,0.9128777430186324,4,0.9285297217267616,-40.76084229126488,1,0.16567457263204577,135.26232545155537,0.42072981980352653
r&b,Artist 29,Track 429,feature_track_429,99,0.30211916255202886,0.12149142071020913,325483,0.505253877035335,0.29352780290972824,4,0.3756537801182569,-23.45921664722883,1,0.395771180892605,108.7112445712256,0.828293782289058
r&b,Artist 30,Track 430,feature_track_430,51,0.205167977477133,0.0877642110126412,285475,0.31061553208208115,0.9127039283414489,5,0.21378971000071467,-50.65945727100579,1,0.18455644691103368,198.2044722264525,0.19172090557826682
pop,Artist 31,Track 431,feature_track_431,83,0.35892433424516934,0.8695272448658734,322545,0.8954769405458067,0.8009172121913539,9,0.402243693615254,-14.990790986222159,1,0.9167032091296069,197.7670848213587,0.20986120755098625
rock,Artist 32,Track 432,feature_track_432,96,0.5933666262520306,0.0013492056144340792,269392,0.2559305057597945,0.6063315811673332,11,0.5992695521552537,-42.112544998637844,1,0.6345006621816276,104.32578623448053,0.11929721225143286
country,Artist 33,Track 433,feature_track_433,73,0.916912613573253,0.8975824970317348,220447,0.24704057898387044,0.8765982104461663,7,0.065018869387234,-10.13769682877632,1,0.48836380469736984,157.65563703498984,0.7715283725002903
electronic,Artist 34,Track 434,feature_track_434,34,0.03585286512519037,0.6570091446647027,341730,0.423740019814696,0.9241993949716946,5,0.17304422031192523,-12.287142842752566,0,0.06011947179048993,144.1915335452765,0.8176645292612689
metal,Artist 35,Track 435,feature_track_435,47,0.2195513353688472,0.9131210540294319,220187,0.0022098701615036465,0.531432453994614,3,0.058876874063880424,-38.91074644039443,0,0.52504319284622,113.77763420570986,0.21123161650095645
classical,Artist 36,Track 436,feature_track_436,59,0.16964615742991107,0.9053653500291878,234657,0.32675410321814535,0.4596894134321534,6,0.9589392285041792,-14.40762770774603,0,0.4019236538376426,172.84818301606373,0.5012521772371963
rock,Artist 37,Track 437,feature_track_437,96,0.11143944778262715,0.907598792184983,326508,0.5392077352345749,0.6265634361330389,6,0.04502633833953229,-49.981365787789386,0,0.8581732049150004,77.6898362507044,0.3492525266603377
rock,Artist 38,Track 438,feature_track_438,62,0.3330597980669414,0.5228614906925801,294137,0.24572691898167065,0.4414291897381494,2,0.6700361837270912,-15.987707159258044,0,0.7032509796398506,154.4896871267896,0.08915918794749145
metal,Artist 39,Track 439,feature_track_439,78,0.45646026202766976,0.02179874906691648,207547,0.04202900603625426,0.018165294770250417,7,0.2528166170705113,-18.842465848188198,0,0.8434941110919568,76.95557514019266,0.1025474616176596
r&b,Artist 40,Track 440,feature_track_440,81,0.6836965807590464,0.8603988771692777,354051,0.04463300720827923,0.674426313009827,9,0.4753857162206804,-4.07815337796022,0,0.09114203922511499,185.38334849555378,0.5246186978755008
rock,Artist 41,Track 441,feature_track_441,18,0.3707753414268614,0.8616149084875192,285084,0.21689598733002513,0.17444676275190352,10,0.7922682939432889,-43.45897789275906,0,0.7223499617371995,89.01112958608917,0.6690006112110698
metal,Artist 42,Track 442,feature_track_442,91,0.5584287814316732,0.6049669875770836,142508,0.9558156747882448,0.6568189792426053,8,0.4937934745482776,-17.167542258483216,0,0.8230015075865137,152.6221737107881,0.1776539977966064
jazz,Artist 43,Track 443,feature_track_443,98,0.5649982793383593,0.01703994778832807,333232,0.8935388798070872,0.6977692064994397,0,0.9941354347615261,-22.428113099630174,1,0.7225712454961233,193.97973227307557,0.12517531174923957
rock,Artist 44,Track 444,feature_track_444,47,0.1646620156335603,0.7497460845158255,272981,0.30071890250178945,0.38591638770769066,1,0.26086952225550175,-53.905119095104354,1,0.45706252666638136,159.86073953249308,0.2863617656012757
rock,Artist 45,Track 445,feature_track_445,5,0.5733419029907153,0.9068695321887772,157382,0.7532898005164511,0.3856423631624355,9,0.815482203923498,-39.054942767956646,1,0.68638646006909,157.05804979552573,0.047725943101392554
indie,Artist 46,Track 446,feature_track_446,7,0.7873794064100766,0.17528508459828662,175386,0.5812045639326123,0.25102813711671057,10,0.20947853740354527,-16.160193079008046,1,0.7013517308670614,70.29360905204138,0.9606885812279875
jazz,Artist 47,Track 447,feature_track_447,42,0.24193973853853257,0.4770761936599677,226036,0.5323340337332492,0.7074198369206458,5,0.6736897419839115,-42.771836070446284,1,0.6452846228791835,128.6614495351888,0.3372291529308481
hip-hop,Artist 48,Track 448,feature_track_448,77,0.5356804214191854,0.3688686219386418,261322,0.8327991894988148,0.1458994296917252,2,0.08091498165018096,-38.09893241823677,0,0.6730317643450255,88.86042118433275,0.2977663671765408
hip-hop,Artist 49,Track 449,feature_track_449,18,0.6042890892914804,0.12442824461851587,223775,0.3972193397699818,0.06216541704818046,4,0.13946693119843634,-54.29150391556775,1,0.9649884686182664,176.55862936155816,0.08756760865497826
jazz,Artist 0,Track 450,feature_track_450,15,0.9973994289820571,0.6216749777435081,293804,0.3335744657242058,0.7796138031639436,8,0.3523005107672085,-36.403895569390954,1,0.22995708660186753,94.15577539400779,0.6484360981462655
electronic,Artist 1,Track 451,feature_track_451,0,0.4926867908407504,0.31984243363531206,241333,0.3711494819920016,0.7524354726486568,9,0.6189018318089456,-25.58221365257539,1,0.9027317177205616,75.0548076294705,0.18607086405836692
rock,Artist 2,Track 452,feature_track_452,50,0.34388069307776126,0.9150503892288002,354861,0.8308092922023286,0.4475028306828197,8,0.9300194904391793,-27.261656244569778,1,0.3697874590468677,134.64099151805235,0.991513913061689
classical,Artist 3,Track 453,feature_track_453,4,0.3645814411214112,0.9901256210087058,339983,0.3369196538415302,0.9445533576014412,7,0.9675612677122707,-2.426390056061827,1,0.8389679642560021,194.9456385588497,0.08815506214833502
indie,Artist 4,Track 454,feature_track_454,31,0.41547134492854054,0.9382002056289668,356084,0.21561150725356115,0.4763955634053777,2,0.6545647043329027,-28.943820243518775,1,0.5477336399809227,99.6002879861436,0.38172304207870544
pop,Artist 5,Track 455,feature_track_455,59,0.06449518481602778,0.8416791932426148,282626,0.22154859088728474,0.9317503566529834,2,0.21851748988780317,-39.27755055673456,0,0.8400451162255906,149.46347731867263,0.3295653594148138
country,Artist 6,Track 456,feature_track_456,13,0.6556923877632409,0.7191060748611302,161638,0.02082193231635643,0.775755092006439,6,0.18221423195947373,-11.449049379101282,1,0.24046113563368854,143.33494937354413,0.7933348824110676
hip-hop,Artist 7,Track 457,feature_track_457,0,0.40478167425363587,0.5314945624538243,213603,0.8187321329725497,0.2814760309556852,1,0.9868128260477682,-13.824224260708448,0,0.9619686469172923,176.73606878317167,0.08651921463970014
hip-hop,Artist 8,Track 458,feature_track_458,88,0.3997448622116697,0.6241420483385984,264822,0.3769997063485917,0.8436340352710164,10,0.015367229884474476,-6.638820334223077,0,0.9991449015772124,67.0565321311797,0.22500184407234436
hip-hop,Artist 9,Track 459,feature_track_459,59,0.09563602880026756,0.874959533065735,177447,0.20021858257315395,0.5464813174101864,9,0.4339994788265631,-6.195648827568071,0,0.671399868320053,121.99225687595003,0.37840874003331737
rock,Artist 10,Track 460,feature_track_460,25,0.2622410162088128,0.7606454813124005,272271,0.5900862499614297,0.7762811443674557,9,0.6823102219683972,-32.72000663910082,1,0.24727282729679445,149.16785092357162,0.6286252929053316
rock,Artist 11,Track 461,feature_track_461,56,0.3220790933352511,0.6341898726915834,312953,0.350038500859402,0.45278268020764145,2,0.9154571475006048,-45.1778925945127,1,0.49236274687783044,79.7755948432958,0.726545269511153
rock,Artist 12,Track 462,feature_track_462,49,0.9645980209455681,0.7646371630769465,308213,0.7045141635364393,0.8018765304091766,10,0.25081528717381796,-54.331694189869914,0,0.29516528896426186,90.33629321710103,0.03361207486635043
metal,Artist 13,Track 463,feature_track_463,96,0.20463771693100707,0.11493089402612533,350941,0.43923754513589097,0.34491921114413726,3,0.9357788284125446,-14.895362543143165,0,0.28950406449161326,198.8484159094764,0.690623354955178
country,Artist 14,Track 464,feature_track_464,95,0.6962606601429063,0.9768980939358696,127832,0.9599155664726283,0.8268620352870916,8,0.11722709296542744,-0.06099164754876085,1,0.19303660976968795,173.17765592203403,0.6685198501003565
electronic,Artist 15,Track 465,feature_track_465,44,0.40542184847678087,0.36423504622590874,165558,0.19675988358997487,0.18863164282443834,1,0.8699376256224758,-6.2785870755905435,0,0.0633237663734294,94.75908071874878,0.3011453438282746
metal,Artist 16,Track 466,feature_track_466,0,0.1436520454315161,0.8863382471560248,281945,0.6260597417686523,0.46173968366951224,1,0.7055273906719296,-57.882538946221025,1,0.510944212984623,192.30336165569835,0.7780450386654199
indie,Artist 17,Track 467,feature_track_467,75,0.04046084002961048,0.7865442600974928,221762,0.10119691389117369,0.2283857146178363,1,0.3150370070105437,-49.202552692484424,0,0.2510714194271757,107.15878239800159,0.24431919988122008
hip-hop,Artist 18,Track 468,feature_track_468,55,0.4985682963925542,0.6639871322196161,245191,0.20907180523826152,0.9243977258576198,4,0.9273735924419321,-37.968049814294105,0,0.42297394123015175,121.9680024484688,0.4678904407090311
rock,Artist 19,Track 469,feature_track_469,31,0.959823154780833,0.5878698018107671,133476,0.8637411390064157,0.20023470859316828,2,0.7282990286180929,-10.358286531534915,1,0.5753915011267978,115.58547111813778,0.834884963845083
metal,Artist 20,Track 470,feature_track_470,41,0.025097471543778505,0.7275008921942484,125128,0.7197048101507609,0.21292389267408962,1,0.3439741804614528,-5.860771491818838,1,0.8211788229456761,67.09645009242634,0.6286815828345765
country,Artist 21,Track 471,feature_track_471,100,0.2445558360405411,0.01255793101947178,189893,0.4468634758889728,0.5578795402473231,3,0.4370572227996986,-30.33342509962769,0,0.09638545269228216,164.94102800372636,0.5719319047292777
rock,Artist 22,Track 472,feature_track_472,40,0.8329285742560464,0.12367190469794964,335539,0.30119463688808457,0.018914286572342953,11,0.5239529712653059,-2.977945574881005,0,0.9070051946425992,153.81960154101176,0.5416950980563543
indie,Artist 23,Track 473,feature_track_473,4,0.4349765512341859,0.38350441552607517,212184,0.21743237540904692,0.5468504402989235,1,0.13702432309289003,-23.841560482692323,1,0.7286071499356014,176.3547763726086,0.08460702324364078
classical,Artist 24,Track 474,feature_track_474,94,0.1536158702897802,0.8512065231784308,211935,0.5833038524203809,0.9273006934802751,3,0.35941601355787733,-14.789330189217175,0,0.7321504816169602,133.82167836053495,0.0059732243920612715
classical,Artist 25,Track 475,feature_track_475,45,0.8330947550610782,0.3342561849786525,214217,0.6721119705433017,0.7853587094273798,10,0.5647640438755602,-8.154144932403675,0,0.9165521082050574,170.49463152632973,0.2772853919142373
r&b,Artist 26,Track 476,feature_track_476,99,0.15523422661849384,0.18569599741577347,146764,0.14351112540355726,0.891788682987147,2,0.9317302666017065,-10.001370287890964,0,0.2924090011558319,131.76726620733493,0.45294933354754907
electronic,Artist 27,Track 477,feature_track_477,40,0.6548972230720609,0.47976108672816875,290734,0.5640322830778763,0.9691953950035536,10,0.2391446941238119,-36.78764741391148,0,0.44031658976229837,175.94424026145526,0.37922839976427747
hip-hop,Artist 28,Track 478,feature_track_478,76,0.037755130394871106,0.22980272789424916,183473,0.9623475805484294,0.5227243641657703,3,0.09204468110178665,-4.275716987666698,1,0.2922584437579502,105.36213120486644,0.7388743451529498
rock,Artist 29,Track 479,feature_track_479,96,0.12475379121600905,0.8725370968807391,248988,0.9687483447444866,0.11921980580950964,10,0.8153448489371713,-36.511400176219894,0,0.25754284846232867,157.2481592035952,0.1355836575923236
indie,Artist 30,Track 480,feature_track_480,96,0.791984425175452,0.2879514350071153,148695,0.6347485472987351,0.12186083691766347,1,0.4752794608747837,-19.352159070855073,1,0.16715712597021792,150.4543326186194,0.21175859961693866
classical,Artist 31,Track 481,feature_track_481,74,0.4094238930565973,0.0789452260292306,259824,0.7700064261938291,0.15272826045856613,1,0.2193403922579935,-3.9873697988393815,0,0.7698135055715197,160.40214280948564,0.14607108659858092
indie,Artist 32,Track 482,feature_track_482,18,0.4300886653315421,0.3670590390255464,329017,0.08071565094301592,0.9416306725233037,1,0.7537995484222735,-6.668096128008145,1,0.5708673386928271,86.5346316631746,0.9261513284117799
jazz,Artist 33,Track 483,feature_track_483,65,0.6298228120207932,0.10711660645293009,281025,0.20264791884573052,0.6592516502755014,4,0.5055008379535112,-9.80876834820728,1,0.7487372695676286,126.77579130307151,0.5199514027738491
hip-hop,Artist 34,Track 484,feature_track_484,11,0.8537129683137488,0.6565222524451119,332185,0.9573345562809913,0.137968770124559,0,0.02218920141045211,-27.919138545223724,0,0.5966053161348599,91.98407922319373,0.23671198430220974
indie,Artist 35,Track 485,feature_track_485,63,0.16018882591483752,0.5499116458171437,251183,0.19060949972993269,0.6258877314302635,7,0.47370364552314026,-42.69547634111565,0,0.7385323997851981,124.2172537163617,0.43977263004783207
jazz,Artist 36,Track 486,feature_track_486,23,0.8796847376358328,0.4109409466490279,168362,0.8589442756065219,0.21537476586038817,10,0.22500909941950686,-19.727366619197305,1,0.28335725821735347,185.17325400533605,0.19361801584468807
electronic,Artist 37,Track 487,feature_track_487,64,0.4460789630026196,0.5947366687764453,267366,0.8873204513556127,0.7914146794804284,8,0.5933568834483166,-37.277547006517715,0,0.28132204249245907,73.61936911886933,0.30655793250457497
metal,Artist 38,Track 488,feature_track_488,39,0.6115197708700413,0.9149993832666741,351939,0.9370275382926309,0.47262159417875105,0,0.5619928205593555,-31.01633710226525,0,0.917187513780046,155.84151025969925,0.4865324765654119
indie,Artist 39,Track 489,feature_track_489,6,0.15791365988879025,0.49960232048472974,349478,0.9988894220932993,0.3658262438595453,6,0.09337824147459883,-26.77752669017537,0,0.3141030879154104,199.25920974819914,0.42435359612609036
jazz,Artist 40,Track 490,feature_track_490,14,0.281503245542033,0.3642143848798045,257860,0.5526136038510737,0.3965077350691343,1,0.8422644803425738,-48.459540872756946,0,0.3915246644178211,112.88914435886493,0.6300987296339742
r&b,Artist 41,Track 491,feature_track_491,66,0.9695449826292358,0.8580585241418989,171353,0.7907390748399328,0.9747847951536481,5,0.30994882038826876,-17.128477619620355,1,0.6649580873138015,194.44262510788013,0.34274019354062746
rock,Artist 42,Track 492,feature_track_492,97,0.6663538623176681,0.7572072449435727,144433,0.5472859608361289,0.02974213730340758,2,0.6039186303208133,-32.95867846415665,1,0.33375758359759133,105.8235774418869,0.7558240753840375
indie,Artist 43,Track 493,feature_track_493,30,0.5789882001616299,0.39838467740054795,241033,0.6636006258523662,0.6902626028515831,9,0.6805489393748009,-43.694380955647944,1,0.9821339991053293,114.73989671582999,0.8311445654811507
country,Artist 44,Track 494,feature_track_494,22,0.14553313448476035,0.3473308240158772,351022,0.025096519681887197,0.7977725565837778,5,0.5107946564348368,-46.68954336579414,0,0.6903851184539086,69.86310341311912,0.9914401014081329
electronic,Artist 45,Track 495,feature_track_495,86,0.955407214355155,0.7746511353685707,186736,0.5502066672633551,0.676295590379536,9,0.8984599903212119,-14.384698637920195,1,0.29325937123422885,102.43451442603913,0.20718650662010962
classical,Artist 46,Track 496,feature_track_496,5,0.4696383968764124,0.7254936305229673,302210,0.36575427740286526,0.9723506207095927,1,0.5423208433057983,-5.603524534345318,0,0.3992336663622803,169.6770470101261,0.1786850311746364
hip-hop,Artist 47,Track 497,feature_track_497,60,0.17297092417070592,0.9029697968941479,142630,0.9913824858291508,0.8514113854313814,5,0.021178825042574956,-41.344032867333546,1,0.3170132552529491,76.42694147293346,0.627956792073039
metal,Artist 48,Track 498,feature_track_498,59,0.23238046753397346,0.921250995891552,250721,0.05872465093936874,0.5215988990891434,6,0.23304081246106478,-48.37762067692246,0,0.9676683985062463,76.76346086600253,0.2392378571200795
indie,Artist 49,Track 499,feature_track_499,84,0.902648056680907,0.47418380714088537,325366,0.409356416528056,0.29462726767683023,2,0.5594425978284887,-40.83985246399118,0,0.4296757060860953,130.52999558070616,0.7497257985078277
